-- phpMyAdmin SQL Dump
-- version 3.5.5
-- http://www.phpmyadmin.net
--
-- 主機: localhost
-- 產生日期: 2013 年 03 月 25 日 15:35
-- 伺服器版本: 5.0.51b-community-nt-log
-- PHP 版本: 5.4.8

SET SQL_MODE="NO_AUTO_VALUE_ON_ZERO";
SET time_zone = "+00:00";


/*!40101 SET @OLD_CHARACTER_SET_CLIENT=@@CHARACTER_SET_CLIENT */;
/*!40101 SET @OLD_CHARACTER_SET_RESULTS=@@CHARACTER_SET_RESULTS */;
/*!40101 SET @OLD_COLLATION_CONNECTION=@@COLLATION_CONNECTION */;
/*!40101 SET NAMES utf8 */;

--
-- 資料庫: `sc2`
--

-- --------------------------------------------------------

--
-- 表的結構 `admin_user`
--

CREATE TABLE IF NOT EXISTS `admin_user` (
  `id` int(3) unsigned NOT NULL auto_increment,
  `name` varchar(10) collate utf8_unicode_ci NOT NULL COMMENT '名字',
  `username` varchar(10) collate utf8_unicode_ci NOT NULL COMMENT '帳號',
  `password` varchar(50) collate utf8_unicode_ci NOT NULL COMMENT '密碼',
  `email` text collate utf8_unicode_ci NOT NULL COMMENT '信箱',
  `level` int(1) NOT NULL COMMENT '管理等級',
  `last_login_ip` varchar(15) collate utf8_unicode_ci NOT NULL,
  `last_login_time` datetime NOT NULL,
  PRIMARY KEY  (`id`)
) ENGINE=MyISAM  DEFAULT CHARSET=utf8 COLLATE=utf8_unicode_ci AUTO_INCREMENT=2 ;

--
-- 轉存資料表中的資料 `admin_user`
--

INSERT INTO `admin_user` (`id`, `name`, `username`, `password`, `email`, `level`, `last_login_ip`, `last_login_time`) VALUES
(1, '管理員', 'root', '59075b964b07152d234b70202cb9', '123@q.com', 1, '127.0.0.1', '2013-03-25 22:20:10');

-- --------------------------------------------------------

--
-- 表的結構 `attribute`
--

CREATE TABLE IF NOT EXISTS `attribute` (
  `id` int(5) NOT NULL auto_increment,
  `attribute_name` varchar(15) collate utf8_unicode_ci NOT NULL,
  `attribute_group_id` int(5) NOT NULL,
  PRIMARY KEY  (`id`)
) ENGINE=MyISAM  DEFAULT CHARSET=utf8 COLLATE=utf8_unicode_ci AUTO_INCREMENT=12 ;

--
-- 轉存資料表中的資料 `attribute`
--

INSERT INTO `attribute` (`id`, `attribute_name`, `attribute_group_id`) VALUES
(1, '作者', 1),
(2, '出版商', 1),
(3, '出版日期', 1),
(4, '語言', 1);

-- --------------------------------------------------------

--
-- 表的結構 `attribute_group`
--

CREATE TABLE IF NOT EXISTS `attribute_group` (
  `id` int(11) NOT NULL auto_increment,
  `attribute_group_name` varchar(15) collate utf8_unicode_ci NOT NULL,
  PRIMARY KEY  (`id`)
) ENGINE=MyISAM  DEFAULT CHARSET=utf8 COLLATE=utf8_unicode_ci AUTO_INCREMENT=3 ;

--
-- 轉存資料表中的資料 `attribute_group`
--

INSERT INTO `attribute_group` (`id`, `attribute_group_name`) VALUES
(1, '圖書類'),
(2, '其他');

-- --------------------------------------------------------

--
-- 表的結構 `attribute_temp`
--

CREATE TABLE IF NOT EXISTS `attribute_temp` (
  `id` int(11) NOT NULL auto_increment,
  `product_id` int(11) NOT NULL,
  `attribute_name` varchar(10) collate utf8_unicode_ci NOT NULL,
  `attribute_group_id` int(11) NOT NULL,
  `attribute_value` varchar(15) collate utf8_unicode_ci NOT NULL,
  PRIMARY KEY  (`id`)
) ENGINE=MyISAM  DEFAULT CHARSET=utf8 COLLATE=utf8_unicode_ci AUTO_INCREMENT=53 ;

--
-- 轉存資料表中的資料 `attribute_temp`
--

INSERT INTO `attribute_temp` (`id`, `product_id`, `attribute_name`, `attribute_group_id`, `attribute_value`) VALUES
(1, 1, '作者', 1, '何孟翰'),
(2, 1, '出版商', 1, '悅知'),
(3, 1, '出版日期', 1, '2012-10-05'),
(4, 1, '語言', 1, '繁體中文'),
(5, 2, '作者', 1, 'Michael Margoli'),
(6, 2, '出版商', 1, '歐萊禮'),
(7, 2, '出版日期', 1, '2012-10-04'),
(8, 2, '語言', 1, '繁體中文'),
(9, 3, '作者', 1, 'David Griffiths'),
(10, 3, '出版商', 1, '歐萊禮'),
(11, 3, '出版日期', 1, '2012-11-04'),
(12, 3, '語言', 1, ' 繁體中文'),
(13, 4, '作者', 1, 'Theresa Neil 著、'),
(14, 4, '出版商', 1, '歐萊禮'),
(15, 4, '出版日期', 1, ' 2012-11-05'),
(16, 4, '語言', 1, '繁體中文'),
(17, 5, '作者', 1, '鄉田MARI子、宅間俊志、近藤'),
(18, 5, '出版商', 1, '電腦人'),
(19, 5, '出版日期', 1, '2012-10-29'),
(20, 5, '語言', 1, '繁體中文'),
(21, 6, '作者', 1, '李慶宗'),
(22, 6, '出版商', 1, '上奇資訊'),
(23, 6, '出版日期', 1, '2012-10-25'),
(24, 6, '語言', 1, '繁體中文'),
(25, 7, '作者', 1, '鄭暐橋(半路)'),
(26, 7, '出版商', 1, '電腦人'),
(27, 7, '出版日期', 1, '2012-09-29'),
(28, 7, '語言', 1, '繁體中文'),
(29, 8, '作者', 1, '肖開宏'),
(30, 8, '出版商', 1, '佳魁'),
(31, 8, '出版日期', 1, ' 2012-10-29'),
(32, 8, '語言', 1, '繁體中文'),
(33, 9, '作者', 1, 'Jim Boyce, Rob '),
(34, 9, '出版商', 1, 'John Wiley'),
(35, 9, '出版日期', 1, '2012-10-29'),
(36, 9, '語言', 1, '英文 '),
(37, 10, '作者', 1, 'Dogan Ibrahim'),
(38, 10, '出版商', 1, 'John Wiley'),
(39, 10, '出版日期', 1, '2012-10-29'),
(40, 10, '語言', 1, '英文'),
(41, 11, '作者', 1, '孫宏明'),
(42, 11, '出版商', 1, '碁峰'),
(43, 11, '出版日期', 1, '2012-01-11'),
(44, 11, '語言', 1, '繁體中文'),
(45, 13, '作者', 1, '廖文斌、博碩文化編譯'),
(46, 13, '出版商', 1, '博碩'),
(47, 13, '出版日期', 1, '2013-01-23'),
(48, 13, '語言', 1, '繁體中文'),
(49, 25, '作者', 1, '新鑫資訊'),
(50, 25, '出版商', 1, '松崗'),
(51, 25, '出版日期', 1, '2013-02-06'),
(52, 25, '語言', 1, '繁體中文');

-- --------------------------------------------------------

--
-- 表的結構 `bad_login`
--

CREATE TABLE IF NOT EXISTS `bad_login` (
  `id` int(255) NOT NULL auto_increment,
  `name_or_email` text collate utf8_unicode_ci NOT NULL,
  `ip` varchar(15) collate utf8_unicode_ci NOT NULL,
  `time` datetime NOT NULL,
  PRIMARY KEY  (`id`)
) ENGINE=MyISAM  DEFAULT CHARSET=utf8 COLLATE=utf8_unicode_ci AUTO_INCREMENT=10 ;

--
-- 轉存資料表中的資料 `bad_login`
--

INSERT INTO `bad_login` (`id`, `name_or_email`, `ip`, `time`) VALUES
(1, '123@q.com', '175.182.194.223', '2013-03-15 00:53:03'),
(2, 'c1171784@rmqkr.net', '175.182.176.182', '2013-03-16 19:50:27'),
(3, '23', '175.182.194.75', '2013-03-17 20:02:00'),
(4, '123@q.com', '127.0.0.1', '2013-03-19 13:56:23'),
(5, '123@q.com', '127.0.0.1', '2013-03-19 15:53:29'),
(6, '123@q.com', '127.0.0.1', '2013-03-19 15:53:51'),
(7, 'c148842@rmqkr.net', '175.182.141.152', '2013-03-21 18:00:11'),
(8, 'pwn@hack.com', '114.47.80.248', '2013-03-22 20:22:59'),
(9, '123@q.com', '114.47.80.248', '2013-03-22 20:54:11');

-- --------------------------------------------------------

--
-- 表的結構 `checkout`
--

CREATE TABLE IF NOT EXISTS `checkout` (
  `serial_id` int(11) NOT NULL auto_increment,
  `user_id` int(10) NOT NULL,
  `name` varchar(20) collate utf8_unicode_ci NOT NULL,
  `email` varchar(80) collate utf8_unicode_ci NOT NULL,
  `address` text collate utf8_unicode_ci NOT NULL,
  `phone` varchar(10) collate utf8_unicode_ci NOT NULL,
  `status` int(20) NOT NULL default '0' COMMENT '出貨狀態',
  `ps` text collate utf8_unicode_ci NOT NULL,
  `qty` int(11) NOT NULL,
  `total` int(11) NOT NULL,
  `pway` varchar(50) collate utf8_unicode_ci NOT NULL,
  `date` datetime NOT NULL,
  `close_date` datetime NOT NULL,
  PRIMARY KEY  (`serial_id`),
  KEY `email` (`email`)
) ENGINE=MyISAM  DEFAULT CHARSET=utf8 COLLATE=utf8_unicode_ci AUTO_INCREMENT=2 ;

--
-- 轉存資料表中的資料 `checkout`
--

INSERT INTO `checkout` (`serial_id`, `user_id`, `name`, `email`, `address`, `phone`, `status`, `ps`, `qty`, `total`, `pway`, `date`, `close_date`) VALUES
(1, 3, '123', 'youremail@gmail.com', '123', '123', 0, '', 5, 4599, '郵寄掛號 - 運費 0', '2013-03-25 22:42:48', '0000-00-00 00:00:00');

-- --------------------------------------------------------

--
-- 表的結構 `checkout_product`
--

CREATE TABLE IF NOT EXISTS `checkout_product` (
  `order_id` int(11) NOT NULL,
  `user_id` int(10) NOT NULL,
  `product_name` text collate utf8_unicode_ci NOT NULL,
  `specs` text collate utf8_unicode_ci NOT NULL,
  `qty` int(11) NOT NULL,
  `price` int(11) NOT NULL,
  `product_id` int(11) NOT NULL
) ENGINE=MyISAM DEFAULT CHARSET=utf8 COLLATE=utf8_unicode_ci;

--
-- 轉存資料表中的資料 `checkout_product`
--

INSERT INTO `checkout_product` (`order_id`, `user_id`, `product_name`, `specs`, `qty`, `price`, `product_id`) VALUES
(1, 3, 'ASP.NET MVC4 網站開發美學', '', 1, 544, 28),
(1, 3, 'Android 4.X 手機/平板電腦程式設計入門、應用到精通, 2/e (適用 Android 1.X~4.X)', '', 1, 500, 11),
(1, 3, 'Using LEDs, LCDs and GLCDs in Microcontroller Projects (Hardcover)', '', 1, 3123, 10),
(1, 3, '半路叛逃－App 遊戲製作人的 1000 日告白', 'test', 2, 432, 7);

-- --------------------------------------------------------

--
-- 表的結構 `income`
--

CREATE TABLE IF NOT EXISTS `income` (
  `order_id` int(50) NOT NULL COMMENT '訂單編號',
  `user_id` int(10) NOT NULL,
  `bank` varchar(20) collate utf8_unicode_ci NOT NULL COMMENT '銀行名稱',
  `bankCode` int(11) NOT NULL COMMENT '銀行代碼',
  `code` varchar(20) collate utf8_unicode_ci NOT NULL COMMENT '轉帳五碼',
  `cash` int(11) NOT NULL COMMENT '匯款金額',
  `date` datetime NOT NULL
) ENGINE=MyISAM DEFAULT CHARSET=utf8 COLLATE=utf8_unicode_ci;

-- --------------------------------------------------------

--
-- 表的結構 `payment`
--

CREATE TABLE IF NOT EXISTS `payment` (
  `id` int(11) NOT NULL auto_increment,
  `global_active` int(1) NOT NULL COMMENT '程式設定可否啟用',
  `way` varchar(20) collate utf8_unicode_ci NOT NULL,
  `active` int(1) NOT NULL COMMENT '由廠商自行設定是否啟用',
  `charges` int(6) NOT NULL,
  `content` text collate utf8_unicode_ci NOT NULL,
  PRIMARY KEY  (`id`)
) ENGINE=MyISAM  DEFAULT CHARSET=utf8 COLLATE=utf8_unicode_ci AUTO_INCREMENT=11 ;

--
-- 轉存資料表中的資料 `payment`
--

INSERT INTO `payment` (`id`, `global_active`, `way`, `active`, `charges`, `content`) VALUES
(1, 1, '自取', 1, 123, '41244<br>'),
(2, 1, 'ATM 轉帳(宅配)', 1, 0, ''),
(3, 1, '貨到付款', 1, 150, '123'),
(7, 0, '信用卡', 0, 0, ''),
(8, 0, '便利商店取貨付款', 0, 0, ''),
(6, 0, 'Paypal 付款', 0, 0, ''),
(4, 1, '郵寄', 1, 30, ''),
(5, 1, '郵寄掛號', 1, 0, '');

-- --------------------------------------------------------

--
-- 表的結構 `product`
--

CREATE TABLE IF NOT EXISTS `product` (
  `id` int(15) NOT NULL auto_increment,
  `product_name` varchar(100) collate utf8_unicode_ci NOT NULL,
  `category_id` int(4) NOT NULL,
  `category_second_id` int(4) NOT NULL,
  `introduction` text collate utf8_unicode_ci NOT NULL,
  `market_price` int(10) NOT NULL,
  `sale_price` int(10) NOT NULL,
  `bargain_price` int(10) NOT NULL,
  `bargain_from` date NOT NULL,
  `bargain_to` date NOT NULL,
  `cost` int(8) NOT NULL,
  `unit` int(8) NOT NULL,
  `float_unit` int(8) NOT NULL,
  `update_time` datetime NOT NULL,
  `on_sale` int(1) NOT NULL,
  `recommend` int(1) NOT NULL,
  PRIMARY KEY  (`id`),
  KEY `product_name` (`product_name`)
) ENGINE=MyISAM  DEFAULT CHARSET=utf8 COLLATE=utf8_unicode_ci AUTO_INCREMENT=31 ;

--
-- 轉存資料表中的資料 `product`
--

INSERT INTO `product` (`id`, `product_name`, `category_id`, `category_second_id`, `introduction`, `market_price`, `sale_price`, `bargain_price`, `bargain_from`, `bargain_to`, `cost`, `unit`, `float_unit`, `update_time`, `on_sale`, `recommend`) VALUES
(1, '●導入Block語法，加速iOS應用程式開發框架的呼叫。並使用GCD讓你自由使用block的語法來封裝應用程式，並遞送至不同的執行緒與佇列來執行。', 1, 0, '<p  10px; padding: 0px; border: 0px; outline: 0px; font-size: 12px; line-height: 1.3; color: rgb(67, 70, 77); font-family: Helvetica, Arial, ''LiHei Pro'', 新細明體, sans-serif; font-style: normal; font-variant: normal; font-weight: normal; letter-spacing: normal; orphans: 2; text-align: start; text-indent: 0px; text-transform: none; white-space: normal; widows: 2; word-spacing: 0px; -webkit-text-size-adjust: auto; -webkit-text-stroke-width: 0px; "><strong  0px; padding: 0px; border: 0px; outline: 0px; font-size: 12px; "><span  0px; padding: 0px; border: 0px; outline: 0px; font-size: 12px; color: rgb(255, 0, 255); "><本書特色></span></strong></p><p  10px; padding: 0px; border: 0px; outline: 0px; font-size: 12px; line-height: 1.3; color: rgb(67, 70, 77); font-family: Helvetica, Arial, ''LiHei Pro'', 新細明體, sans-serif; font-style: normal; font-variant: normal; font-weight: normal; letter-spacing: normal; orphans: 2; text-align: start; text-indent: 0px; text-transform: none; white-space: normal; widows: 2; word-spacing: 0px; -webkit-text-size-adjust: auto; -webkit-text-stroke-width: 0px; ">最新！使用iOS6+Xcode4.5+Objective-C 2.0進行開發</p><p  10px; padding: 0px; border: 0px; outline: 0px; font-size: 12px; line-height: 1.3; color: rgb(67, 70, 77); font-family: Helvetica, Arial, ''LiHei Pro'', 新細明體, sans-serif; font-style: normal; font-variant: normal; font-weight: normal; letter-spacing: normal; orphans: 2; text-align: start; text-indent: 0px; text-transform: none; white-space: normal; widows: 2; word-spacing: 0px; -webkit-text-size-adjust: auto; -webkit-text-stroke-width: 0px; ">專業！精闢技巧分享，不走彎路，快速開發移動式裝置App</p><p  10px; padding: 0px; border: 0px; outline: 0px; font-size: 12px; line-height: 1.3; color: rgb(67, 70, 77); font-family: Helvetica, Arial, ''LiHei Pro'', 新細明體, sans-serif; font-style: normal; font-variant: normal; font-weight: normal; letter-spacing: normal; orphans: 2; text-align: start; text-indent: 0px; text-transform: none; white-space: normal; widows: 2; word-spacing: 0px; -webkit-text-size-adjust: auto; -webkit-text-stroke-width: 0px; ">圖解！提供完整系統架構、流程圖及程式碼，建立正確的開發觀念</p><p  10px; padding: 0px; border: 0px; outline: 0px; font-size: 12px; line-height: 1.3; color: rgb(67, 70, 77); font-family: Helvetica, Arial, ''LiHei Pro'', 新細明體, sans-serif; font-style: normal; font-variant: normal; font-weight: normal; letter-spacing: normal; orphans: 2; text-align: start; text-indent: 0px; text-transform: none; white-space: normal; widows: 2; word-spacing: 0px; -webkit-text-size-adjust: auto; -webkit-text-stroke-width: 0px; ">使用Xcode4.5快速進行開發 | 善用storyboard設計介面 | 運用block與GCD均衡運算資源 | 掌握MKMapView打造地圖功能</p><p  10px; padding: 0px; border: 0px; outline: 0px; font-size: 12px; line-height: 1.3; color: rgb(67, 70, 77); font-family: Helvetica, Arial, ''LiHei Pro'', 新細明體, sans-serif; font-style: normal; font-variant: normal; font-weight: normal; letter-spacing: normal; orphans: 2; text-align: start; text-indent: 0px; text-transform: none; white-space: normal; widows: 2; word-spacing: 0px; -webkit-text-size-adjust: auto; -webkit-text-stroke-width: 0px; ">實戰經驗最豐富：作者在Android和iOS商店╱市集已有多種App產品上架，絕對專業無私分享。</p><p  10px; padding: 0px; border: 0px; outline: 0px; font-size: 12px; line-height: 1.3; color: rgb(67, 70, 77); font-family: Helvetica, Arial, ''LiHei Pro'', 新細明體, sans-serif; font-style: normal; font-variant: normal; font-weight: normal; letter-spacing: normal; orphans: 2; text-align: start; text-indent: 0px; text-transform: none; white-space: normal; widows: 2; word-spacing: 0px; -webkit-text-size-adjust: auto; -webkit-text-stroke-width: 0px; ">分析講解最清楚：作者長期擔任機關開發課程講師，教學步驟條理分明，並將學生們的疑難雜症融入書中，做最完整的解說。</p><p  10px; padding: 0px; border: 0px; outline: 0px; font-size: 12px; line-height: 1.3; color: rgb(67, 70, 77); font-family: Helvetica, Arial, ''LiHei Pro'', 新細明體, sans-serif; font-style: normal; font-variant: normal; font-weight: normal; letter-spacing: normal; orphans: 2; text-align: start; text-indent: 0px; text-transform: none; white-space: normal; widows: 2; word-spacing: 0px; -webkit-text-size-adjust: auto; -webkit-text-stroke-width: 0px; ">●Xcode操作介面與Objective-C程式基礎並重，讓你一邊增強基礎觀念、一邊熟悉介面。</p><p  10px; padding: 0px; border: 0px; outline: 0px; font-size: 12px; line-height: 1.3; color: rgb(67, 70, 77); font-family: Helvetica, Arial, ''LiHei Pro'', 新細明體, sans-serif; font-style: normal; font-variant: normal; font-weight: normal; letter-spacing: normal; orphans: 2; text-align: start; text-indent: 0px; text-transform: none; white-space: normal; widows: 2; word-spacing: 0px; -webkit-text-size-adjust: auto; -webkit-text-stroke-width: 0px; ">●大量使用Storyboard，介紹Objective-C的block與GCD功能，運用於Cocoa Touch框架中。</p><p  10px; padding: 0px; border: 0px; outline: 0px; font-size: 12px; line-height: 1.3; color: rgb(67, 70, 77); font-family: Helvetica, Arial, ''LiHei Pro'', 新細明體, sans-serif; font-style: normal; font-variant: normal; font-weight: normal; letter-spacing: normal; orphans: 2; text-align: start; text-indent: 0px; text-transform: none; white-space: normal; widows: 2; word-spacing: 0px; -webkit-text-size-adjust: auto; -webkit-text-stroke-width: 0px; ">●除了完整的基本程式邏輯說明外，專章說明開發iOS必懂的繪圖、動畫、觸控、影像處理與多媒體等主題。</p><p  10px; padding: 0px; border: 0px; outline: 0px; font-size: 12px; line-height: 1.3; color: rgb(67, 70, 77); font-family: Helvetica, Arial, ''LiHei Pro'', 新細明體, sans-serif; font-style: normal; font-variant: normal; font-weight: normal; letter-spacing: normal; orphans: 2; text-align: start; text-indent: 0px; text-transform: none; white-space: normal; widows: 2; word-spacing: 0px; -webkit-text-size-adjust: auto; -webkit-text-stroke-width: 0px; ">●使用iOS6最新地圖介面，介紹地理資訊查詢、各式圖層地標註記，讓開發地理資訊App更輕鬆容易。</p><p  10px; padding: 0px; border: 0px; outline: 0px; font-size: 12px; line-height: 1.3; color: rgb(67, 70, 77); font-family: Helvetica, Arial, ''LiHei Pro'', 新細明體, sans-serif; font-style: normal; font-variant: normal; font-weight: normal; letter-spacing: normal; orphans: 2; text-align: start; text-indent: 0px; text-transform: none; white-space: normal; widows: 2; word-spacing: 0px; -webkit-text-size-adjust: auto; -webkit-text-stroke-width: 0px; ">●網路連結API與實務探討，獨家說明如何使用JSON格式讀取網路資訊與進行facebook連結。</p>', 950, 741, 585, '2012-11-13', '2013-01-24', 500, 100, 100, '2012-11-14 00:40:46', 1, 1),
(2, 'Arduino 錦囊妙計, 2/e (Arduino Cookbook, 2/e)', 1, 0, '<p class="MsoNormal"  0cm 0cm 0pt; padding: 0px; border: 0px; outline: 0px; font-size: 12px; line-height: 1.3; color: rgb(67, 70, 77); font-family: Helvetica, Arial, ''LiHei Pro'', 新細明體, sans-serif; font-style: normal; font-variant: normal; font-weight: normal; letter-spacing: normal; orphans: 2; text-align: start; text-indent: 0px; text-transform: none; white-space: normal; widows: 2; word-spacing: 0px; -webkit-text-size-adjust: auto; -webkit-text-stroke-width: 0px; "><span  0px; padding: 0px; border: 0px; outline: 0px; font-size: small; "><span  0px; padding: 0px; border: 0px; outline: 0px; font-size: small; "><span  0px; padding: 0px; border: 0px; outline: 0px; font-size: 13px; font-family: 微軟正黑體, sans-serif; color: rgb(255, 51, 153); " lang="EN-US"><</span><span  0px; padding: 0px; border: 0px; outline: 0px; font-size: 13px; font-family: 微軟正黑體, sans-serif; color: rgb(255, 51, 153); ">內容特色<span  0px; padding: 0px; border: 0px; outline: 0px; font-size: 13px; " lang="EN-US">></span></span></span></span></p><p class="MsoNormal"  0cm 0cm 0pt; padding: 0px; border: 0px; outline: 0px; font-size: 12px; line-height: 1.3; color: rgb(67, 70, 77); font-family: Helvetica, Arial, ''LiHei Pro'', 新細明體, sans-serif; font-style: normal; font-variant: normal; font-weight: normal; letter-spacing: normal; orphans: 2; text-align: start; text-indent: 0px; text-transform: none; white-space: normal; widows: 2; word-spacing: 0px; -webkit-text-size-adjust: auto; -webkit-text-stroke-width: 0px; "><span  0px; padding: 0px; border: 0px; outline: 0px; font-size: small; "><span class="unnamed11"  0px; padding: 0px; border: 0px; outline: 0px; font-size: 13px; "><span  0px; padding: 0px; border: 0px; outline: 0px; font-size: 13px; font-family: 微軟正黑體, sans-serif; " lang="EN-US">"Michael Margolis</span></span><span class="unnamed11"  0px; padding: 0px; border: 0px; outline: 0px; font-size: 13px; "><span  0px; padding: 0px; border: 0px; outline: 0px; font-size: 13px; font-family: 微軟正黑體, sans-serif; ">的書有許多重要且易理解的內容，對蓬勃發展的<span  0px; padding: 0px; border: 0px; outline: 0px; font-size: 13px; " lang="EN-US">Arduino</span>社群來說是個很棒的禮物。不論你的背景或技術如何，本書都為你目前的問題找到了解藥，也為日後的新計畫建立了藍圖。我猜想這本書會不會永遠都離不開我的工作桌了。<span  0px; padding: 0px; border: 0px; outline: 0px; font-size: 13px; " lang="EN-US">"</span></span></span><span  0px; padding: 0px; border: 0px; outline: 0px; font-size: 13px; font-family: 微軟正黑體, sans-serif; " lang="EN-US"><br><span class="unnamed11"  0px; padding: 0px; border: 0px; outline: 0px; font-size: 13px; ">-Mikal Hart</span><br><span class="unnamed11"  0px; padding: 0px; border: 0px; outline: 0px; font-size: 13px; ">Arduino Uno</span></span><span class="unnamed11"  0px; padding: 0px; border: 0px; outline: 0px; font-size: 13px; "><span  0px; padding: 0px; border: 0px; outline: 0px; font-size: 13px; font-family: 微軟正黑體, sans-serif; ">諮詢小組</span></span><span  0px; padding: 0px; border: 0px; outline: 0px; font-size: 13px; font-family: 微軟正黑體, sans-serif; " lang="EN-US"><br><br><br></span><span class="unnamed11"  0px; padding: 0px; border: 0px; outline: 0px; font-size: 13px; "><span  0px; padding: 0px; border: 0px; outline: 0px; font-size: 13px; font-family: 微軟正黑體, sans-serif; ">想建立能和真實世界互動的裝置嗎<span  0px; padding: 0px; border: 0px; outline: 0px; font-size: 13px; " lang="EN-US">?</span>透過本書，任何對於<span  0px; padding: 0px; border: 0px; outline: 0px; font-size: 13px; " lang="EN-US">Arduino</span>微控制器及開發環境有興趣的人都能夠盡情發揮，而無須擔心自己的技術水準為何。有了這本書，你可以知道超過<span  0px; padding: 0px; border: 0px; outline: 0px; font-size: 13px; " lang="EN-US">200</span>項用於開發多種互動技術裝置的技巧，如玩具、偵測器、機器人，甚至是能感測到觸控、聲音、位置、光與熱的互動式服裝。</span></span><span  0px; padding: 0px; border: 0px; outline: 0px; font-size: 13px; font-family: 微軟正黑體, sans-serif; " lang="EN-US"><br><br></span><span class="unnamed11"  0px; padding: 0px; border: 0px; outline: 0px; font-size: 13px; "><span  0px; padding: 0px; border: 0px; outline: 0px; font-size: 13px; font-family: 微軟正黑體, sans-serif; ">本書為<span  0px; padding: 0px; border: 0px; outline: 0px; font-size: 13px; " lang="EN-US">Arduino</span>使用者提供許多常見問題的解答，透過豐富的問答集，你可以找到適當的範例和建議。無論是藝術家、設計師、模型家、學生或工程師，可以不需要任何<span  0px; padding: 0px; border: 0px; outline: 0px; font-size: 13px; " lang="EN-US">Arduino</span>或程式設計的相關技巧，即可透過本書豐富的實務範例和引導，來著手開發並加強自己的<span  0px; padding: 0px; border: 0px; outline: 0px; font-size: 13px; " lang="EN-US">Arduino</span>計畫。此外，本書的開發環境也更新到<span  0px; padding: 0px; border: 0px; outline: 0px; font-size: 13px; " lang="EN-US">Arduino 1.0</span>。</span></span><span  0px; padding: 0px; border: 0px; outline: 0px; font-size: 13px; font-family: 微軟正黑體, sans-serif; " lang="EN-US"><br><br></span><span class="unnamed11"  0px; padding: 0px; border: 0px; outline: 0px; font-size: 13px; "><span  0px; padding: 0px; border: 0px; outline: 0px; font-size: 13px; font-family: 微軟正黑體, sans-serif; ">‧</span></span><span class="unnamed11"  0px; padding: 0px; border: 0px; outline: 0px; font-size: 13px; "><span  0px; padding: 0px; border: 0px; outline: 0px; font-size: 13px; font-family: 微軟正黑體, sans-serif; ">快速建構關於<span  0px; padding: 0px; border: 0px; outline: 0px; font-size: 13px; " lang="EN-US">Arduino</span>和軟體開發的觀念</span></span><span  0px; padding: 0px; border: 0px; outline: 0px; font-size: 13px; font-family: 微軟正黑體, sans-serif; " lang="EN-US"><br></span><span class="unnamed11"  0px; padding: 0px; border: 0px; outline: 0px; font-size: 13px; "><span  0px; padding: 0px; border: 0px; outline: 0px; font-size: 13px; font-family: 微軟正黑體, sans-serif; ">‧</span></span><span class="unnamed11"  0px; padding: 0px; border: 0px; outline: 0px; font-size: 13px; "><span  0px; padding: 0px; border: 0px; outline: 0px; font-size: 13px; font-family: 微軟正黑體, sans-serif; ">學習讀取數位<span  0px; padding: 0px; border: 0px; outline: 0px; font-size: 13px; " lang="EN-US">/</span>類比訊號的基礎技能</span></span><span  0px; padding: 0px; border: 0px; outline: 0px; font-size: 13px; font-family: 微軟正黑體, sans-serif; " lang="EN-US"><br></span><span class="unnamed11"  0px; padding: 0px; border: 0px; outline: 0px; font-size: 13px; "><span  0px; padding: 0px; border: 0px; outline: 0px; font-size: 13px; font-family: 微軟正黑體, sans-serif; ">‧</span></span><span class="unnamed11"  0px; padding: 0px; border: 0px; outline: 0px; font-size: 13px; "><span  0px; padding: 0px; border: 0px; outline: 0px; font-size: 13px; font-family: 微軟正黑體, sans-serif; ">使用豐富的的輸入裝置或感測器搭配<span  0px; padding: 0px; border: 0px; outline: 0px; font-size: 13px; " lang="EN-US">Arduino</span></span></span><span  0px; padding: 0px; border: 0px; outline: 0px; font-size: 13px; font-family: 微軟正黑體, sans-serif; " lang="EN-US"><br></span><span class="unnamed11"  0px; padding: 0px; border: 0px; outline: 0px; font-size: 13px; "><span  0px; padding: 0px; border: 0px; outline: 0px; font-size: 13px; font-family: 微軟正黑體, sans-serif; ">‧</span></span><span class="unnamed11"  0px; padding: 0px; border: 0px; outline: 0px; font-size: 13px; "><span  0px; padding: 0px; border: 0px; outline: 0px; font-size: 13px; font-family: 微軟正黑體, sans-serif; ">視覺化輸出、音效輸出和控制多種馬達</span></span><span  0px; padding: 0px; border: 0px; outline: 0px; font-size: 13px; font-family: 微軟正黑體, sans-serif; " lang="EN-US"><br></span><span class="unnamed11"  0px; padding: 0px; border: 0px; outline: 0px; font-size: 13px; "><span  0px; padding: 0px; border: 0px; outline: 0px; font-size: 13px; font-family: 微軟正黑體, sans-serif; ">‧</span></span><span class="unnamed11"  0px; padding: 0px; border: 0px; outline: 0px; font-size: 13px; "><span  0px; padding: 0px; border: 0px; outline: 0px; font-size: 13px; font-family: 微軟正黑體, sans-serif; ">和遠端控制裝置進行互動，包括電視和家電用品</span></span><span  0px; padding: 0px; border: 0px; outline: 0px; font-size: 13px; font-family: 微軟正黑體, sans-serif; " lang="EN-US"><br></span><span class="unnamed11"  0px; padding: 0px; border: 0px; outline: 0px; font-size: 13px; "><span  0px; padding: 0px; border: 0px; outline: 0px; font-size: 13px; font-family: 微軟正黑體, sans-serif; ">‧</span></span><span class="unnamed11"  0px; padding: 0px; border: 0px; outline: 0px; font-size: 13px; "><span  0px; padding: 0px; border: 0px; outline: 0px; font-size: 13px; font-family: 微軟正黑體, sans-serif; ">學習時間延遲和測量的技巧</span></span><span  0px; padding: 0px; border: 0px; outline: 0px; font-size: 13px; font-family: 微軟正黑體, sans-serif; " lang="EN-US"><br></span><span class="unnamed11"  0px; padding: 0px; border: 0px; outline: 0px; font-size: 13px; "><span  0px; padding: 0px; border: 0px; outline: 0px; font-size: 13px; font-family: 微軟正黑體, sans-serif; ">‧</span></span><span class="unnamed11"  0px; padding: 0px; border: 0px; outline: 0px; font-size: 13px; "><span  0px; padding: 0px; border: 0px; outline: 0px; font-size: 13px; font-family: 微軟正黑體, sans-serif; ">應用進階的程式設計與記憶體處理技巧</span></span><span  0px; padding: 0px; border: 0px; outline: 0px; font-size: 13px; font-family: 微軟正黑體, sans-serif; " lang="EN-US"><br><br><span class="unnamed11"  0px; padding: 0px; border: 0px; outline: 0px; font-size: 13px; ">Michael Margolis</span></span><span class="unnamed11"  0px; padding: 0px; border: 0px; outline: 0px; font-size: 13px; "><span  0px; padding: 0px; border: 0px; outline: 0px; font-size: 13px; font-family: 微軟正黑體, sans-serif; ">是即時運算領域的專家，熟知軟硬體的互動運算。他在相關領域有有超過<span  0px; padding: 0px; border: 0px; outline: 0px; font-size: 13px; " lang="EN-US">30</span>年的經驗，曾於<span  0px; padding: 0px; border: 0px; outline: 0px; font-size: 13px; " lang="EN-US">Sony</span>、<span  0px; padding: 0px; border: 0px; outline: 0px; font-size: 13px; " lang="EN-US">Microsoft</span>和<span  0px; padding: 0px; border: 0px; outline: 0px; font-size: 13px; " lang="EN-US">Lucent/Bell</span>實驗室工作，近期則有參與<span  0px; padding: 0px; border: 0px; outline: 0px; font-size: 13px; " lang="EN-US">Arduino 1.0</span>中函式庫及核心軟體的開發。</span></span></span></p>', 980, 774, 0, '0000-00-00', '0000-00-00', 500, 100, 100, '2012-10-13 23:18:01', 1, 1),
(3, '深入淺出 C (Head First C)', 1, 0, '<p class="MsoNormal"  0cm 0cm 0pt;"><span  small;"><span  small;"><span  "微軟正黑體","sans-serif"; color: #ff3399;" lang="EN-US"><</span><span  "微軟正黑體","sans-serif"; color: #ff3399;">內容特色<span lang="EN-US">></span></span></span></span></p>\r\n<p class="MsoNormal"  0cm 0cm 0pt;"><span  small;"><span class="unnamed11"><span  "微軟正黑體","sans-serif";">『《深入淺出<span lang="EN-US"> C</span>》很可能是史上最佳的<span lang="EN-US"> C </span>語言書籍，我絕對不是隨便說說。不難預見，它會變成各大專院校<span lang="EN-US"> C </span>語\r\n言課程的標準教科書。大多數的程式語言書籍皆遵循一個相當固定的發展路線：循序介紹關鍵字、控制流結構、基本語法、運算子、資料型別、子行程等，這些書籍\r\n確實可作為程式語言非常有用的參考資料以及相當學術性的入門介紹，然而，這本書另闢蹊徑，採取一種完全不同的做法，悉心教導你成為一位貨真價實的<span lang="EN-US"> C </span>語言程式設計師。但願，我在<span lang="EN-US"> 15 </span>年前便有幸遇見這本書！』</span></span><span  "微軟正黑體","sans-serif";" lang="EN-US"><br><span class="unnamed11">- Dave Kitabjian</span></span><span class="unnamed11"><span  "微軟正黑體","sans-serif";">，<span lang="EN-US">NetCarrier Telecom </span>的軟體開發總監</span></span><span  "微軟正黑體","sans-serif";" lang="EN-US"><br><br></span><span class="unnamed11"><span  "微軟正黑體","sans-serif";">『《深入淺出<span lang="EN-US"> C</span>》以典型的<span lang="EN-US"> Head First </span>風格輕鬆愉快且言簡意賅地介紹了<span lang="EN-US"> C </span>語言編程，在進入更進階的<span lang="EN-US"> Posix </span>與<span lang="EN-US"> Linux </span>系統編程主題之前，這本書充分運用圖片，笑話，習題與實作，帶領讀者輕鬆而確實地建構起<span lang="EN-US"> C </span>語言的扎實基礎。』</span></span><span  "微軟正黑體","sans-serif";" lang="EN-US"><br><span class="unnamed11">- Vince Milner</span></span><span class="unnamed11"><span  "微軟正黑體","sans-serif";">，軟體設計師</span></span><span  "微軟正黑體","sans-serif";" lang="EN-US"><br><br><br></span><span class="unnamed11"><span  "微軟正黑體","sans-serif";">你將從本書學到什麼？</span></span><span  "微軟正黑體","sans-serif";" lang="EN-US"><br><br></span><span class="unnamed11"><span  "微軟正黑體","sans-serif";">可曾冀望有什麼比較簡單的方法能夠讓你輕鬆學會<span lang="EN-US"> C </span>語言嗎？《深入淺出<span lang="EN-US"> C</span>》正是專為此目的而設計的一段完整學習體驗，教導你如何以卓越的<span lang="EN-US"> C </span>語言技巧建構出良好的程式。本書運用超越語法手冊的獨特方式幫助你學習<span lang="EN-US"> C </span>語言，讓你充分體會到如何成為<span lang="EN-US"> C </span>語言編程高手的箇中三昧。在本書中，你將學習到<span lang="EN-US"> C </span>語言的基礎知識、指標、指標運算以及動態記憶體管理等關鍵主題，更且，伴隨著多執行緒與網路編程等進階主題的詳實介紹，本書可被用來當作各大專院校之<span lang="EN-US"> C </span>語言課程的標準教科書。</span></span><span  "微軟正黑體","sans-serif";" lang="EN-US"><br><br></span><span class="unnamed11"><span  "微軟正黑體","sans-serif";">另外，如同大專院校的課程，本書還特別安排了幾個實作單元<span lang="EN-US">(</span>實驗室<span lang="EN-US">)</span>：數個意圖提升你的編程技能、測試你的新技巧以及強化你的自信心的專案，藉此，你將能夠超越<span lang="EN-US"> C </span>語言的基礎技能，並且學會如何使用編譯器、<span lang="EN-US">make </span>工具及打包工具來處理真實世界的種種疑難雜症。</span></span><span  "微軟正黑體","sans-serif";" lang="EN-US"><br><br><br></span><span class="unnamed11"><span  "微軟正黑體","sans-serif";">這本書為何如此與眾不同？</span></span><span  "微軟正黑體","sans-serif";" lang="EN-US"><br><br></span><span class="unnamed11"><span  "微軟正黑體","sans-serif";">我們認為你的時間寶貴，不應該浪費在與新概念周旋不下的窘境中。運用認知科學與學習理論的最新研究成果，精心建構出一段引發多重感知的學習體驗，《深入淺出<span lang="EN-US"> C</span>》採取專為大腦運作而設計的豐富視覺化風格，而不是令你昏昏欲睡的冗贅敘述。</span></span></span><span  "微軟正黑體","sans-serif"; font-size: small;" lang="EN-US"></span></p>\r\n<p class="MsoNormal"  0cm 0cm 0pt;"><span  small;"><span  small;"><span  "微軟正黑體","sans-serif"; color: #ff3399;" lang="EN-US"><</span><span  "微軟正黑體","sans-serif"; color: #ff3399;">章節目錄<span lang="EN-US">></span></span></span></span></p>\r\n<span  small;"><span  "微軟正黑體","sans-serif"; mso-bidi-font-family: 新細明體; mso-font-kerning: 0pt;">序<span lang="EN-US"><br>1 </span>千里之行起於足下：開始探索<span lang="EN-US"> C </span>語言<span lang="EN-US"><br>2 </span>記憶體與指標︰你在指什麼？ <span lang="EN-US"><br>2.5 </span>字串︰字串理論 <span lang="EN-US"><br>3 </span>建立小工具︰做一件事並且把它做好<span lang="EN-US"><br>4 </span>使用多個原始碼檔案︰分解它，逐漸加強它<span lang="EN-US"><br>C </span>實驗一︰<span lang="EN-US">Arduino<br>5 Struct</span>，<span lang="EN-US">Union </span>和<span lang="EN-US"> Bitfield</span>︰產生你自己的結構<span lang="EN-US"><br>6 </span>資料結構和動態記憶體︰建立橋接<span lang="EN-US"><br>7 </span>函式進階︰發揮函式的強大威力<span lang="EN-US"><br>8 </span>靜態與動態程式庫︰可熱切換的程式碼<span lang="EN-US"><br>C </span>實驗二︰<span lang="EN-US">OpenCV<br>9 </span>行程與系統呼叫︰打破疆界<span lang="EN-US"><br>10 </span>行程間通訊︰好好溝通<span lang="EN-US"><br>11 Socket </span>與網路連接︰虛擬的<span lang="EN-US"> 127.0.0.1<br>12 </span>執行緒︰並行發展的世界<span lang="EN-US"><br>C </span>實驗三︰<span lang="EN-US">Blasteroids<br>i </span>本書遺珠︰我們未涵蓋的十件事<span lang="EN-US"><br>ii C </span>語言主題︰總整理</span></span>', 880, 695, 0, '0000-00-00', '0000-00-00', 500, 100, 100, '2012-12-18 16:41:31', 1, 0),
(4, '行動介面設計模式圖鑑－以視覺範例學習有效的介面設計模式 (Mobile Design Pattern Gallery: UI Patterns for Mobile Applications)', 1, 0, '<p class="MsoNormal"  left; margin: 0cm 0cm 0pt;"><span  small;"><span  small;"><span  "微軟正黑體","sans-serif"; color: #ff3399;" lang="EN-US"><</span><span  "微軟正黑體","sans-serif"; color: #ff3399;">內容特色<span lang="EN-US">></span></span></span></span></p>\r\n<div  left;">\r\n<table class="MsoNormalTable"  98%; mso-cellspacing: 1.5pt; mso-yfti-tbllook: 1184;" border="0" cellpadding="0" width="98%">\r\n<tbody>\r\n<tr  103.85pt; mso-yfti-irow: 0; mso-yfti-firstrow: yes; mso-yfti-lastrow: yes;">\r\n<td  transparent; height: 103.85pt; border: #ece9d8; padding: 0.75pt;"><span  small;"><span  small;"> </span></span></td>\r\n<td  transparent; height: 103.85pt; border: #ece9d8; padding: 0.75pt;">\r\n<p class="MsoNormal"  0cm 0cm 0pt; mso-pagination: widow-orphan;"><span  small;"><span  "微軟正黑體","sans-serif"; mso-bidi-font-size: 11.0pt; mso-bidi-font-family: 新細明體; mso-font-kerning: 0pt;">關於<span lang="EN-US">iOS</span>、<span lang="EN-US">Android</span>和其他系統的介面設計模式</span><span  "微軟正黑體","sans-serif"; mso-bidi-font-family: 新細明體; mso-font-kerning: 0pt;" lang="EN-US"><br><br></span><span  "微軟正黑體","sans-serif"; mso-bidi-font-size: 11.0pt; mso-bidi-font-family: 新細明體; mso-font-kerning: 0pt;">「這本書超級好用，我可以拿來翻閱，尋找靈感。」</span><span  "微軟正黑體","sans-serif"; mso-bidi-font-family: 新細明體; mso-font-kerning: 0pt;" lang="EN-US"><br></span><span  "微軟正黑體","sans-serif"; mso-bidi-font-size: 11.0pt; mso-bidi-font-family: 新細明體; mso-font-kerning: 0pt;" lang="EN-US">─PayPal</span><span  "微軟正黑體","sans-serif"; mso-bidi-font-size: 11.0pt; mso-bidi-font-family: 新細明體; mso-font-kerning: 0pt;">網路開發部門資深經理<span lang="EN-US">Bill Scott</span></span><span  "微軟正黑體","sans-serif"; mso-bidi-font-family: 新細明體; mso-font-kerning: 0pt;" lang="EN-US"><br><br></span><span  "微軟正黑體","sans-serif"; mso-bidi-font-size: 11.0pt; mso-bidi-font-family: 新細明體; mso-font-kerning: 0pt;">「只是想表達我對這本書的感謝，它在我重新設計一個開發中的應用程式時指引著我！」</span><span  "微軟正黑體","sans-serif"; mso-bidi-font-family: 新細明體; mso-font-kerning: 0pt;" lang="EN-US"><br></span><span  "微軟正黑體","sans-serif"; mso-bidi-font-size: 11.0pt; mso-bidi-font-family: 新細明體; mso-font-kerning: 0pt;" lang="EN-US">─</span><span  "微軟正黑體","sans-serif"; mso-bidi-font-size: 11.0pt; mso-bidi-font-family: 新細明體; mso-font-kerning: 0pt;">使用者經驗設計師<span lang="EN-US">Agatha June</span></span><span  "微軟正黑體","sans-serif"; mso-bidi-font-family: 新細明體; mso-font-kerning: 0pt;" lang="EN-US"><br><br><br></span><span  "微軟正黑體","sans-serif"; mso-bidi-font-size: 11.0pt; mso-bidi-font-family: 新細明體; mso-font-kerning: 0pt;">當您計畫要設計出好用、容易瀏覽的行動應用程式，卻在有限的時間壓力下，無法一切從頭開始時，這本言簡意賅的書給您最簡捷的幫助。提供了<span lang="EN-US">70</span>個行動應用程式設計模式的實用參考，約四百張以上的設計模式範例圖示，來自於<span lang="EN-US">iOS</span>、<span lang="EN-US">Android</span>、<span lang="EN-US">BlackBerry</span>、<span lang="EN-US">WebOS</span>、<span lang="EN-US">Windows Mobile</span>和<span lang="EN-US">Symbian</span>等應用程式的畫面截圖說明。</span><span  "微軟正黑體","sans-serif"; mso-bidi-font-family: 新細明體; mso-font-kerning: 0pt;" lang="EN-US"><br><br></span><span  "微軟正黑體","sans-serif"; mso-bidi-font-size: 11.0pt; mso-bidi-font-family: 新細明體; mso-font-kerning: 0pt;">使用者經驗設計專家<span lang="EN-US">Theresa Nei</span>（<span lang="EN-US">Designing Web Interfaces</span>）引領您深入<span lang="EN-US">10</span>個類別的設計模式，包括反面模式。無論您是否正在設計簡單的<span lang="EN-US">iPhone</span>應用程式，或是想讓您的應用程式能支援市面上其他同樣受歡迎的行動作業系統，這些模式都會提供一些常見設計問題的解決之道。 </span><span  "微軟正黑體","sans-serif"; mso-bidi-font-family: 新細明體; mso-font-kerning: 0pt;" lang="EN-US"><br><br></span><span  "微軟正黑體","sans-serif"; mso-bidi-font-size: 11.0pt; mso-bidi-font-family: 新細明體; mso-font-kerning: 0pt;">模式類別包括：</span><span  "微軟正黑體","sans-serif"; mso-bidi-font-family: 新細明體; mso-font-kerning: 0pt;" lang="EN-US"><br></span><span  "微軟正黑體","sans-serif"; mso-bidi-font-size: 11.0pt; mso-bidi-font-family: 新細明體; mso-font-kerning: 0pt;" lang="EN-US">‧</span><span  "微軟正黑體","sans-serif"; mso-bidi-font-size: 11.0pt; mso-bidi-font-family: 新細明體; mso-font-kerning: 0pt;">導覽：取得主要和次要導覽模式</span><span  "微軟正黑體","sans-serif"; mso-bidi-font-family: 新細明體; mso-font-kerning: 0pt;" lang="EN-US"><br></span><span  "微軟正黑體","sans-serif"; mso-bidi-font-size: 11.0pt; mso-bidi-font-family: 新細明體; mso-font-kerning: 0pt;" lang="EN-US">‧</span><span  "微軟正黑體","sans-serif"; mso-bidi-font-size: 11.0pt; mso-bidi-font-family: 新細明體; mso-font-kerning: 0pt;">表單：打破業界在表單設計上的糟糕習慣</span><span  "微軟正黑體","sans-serif"; mso-bidi-font-family: 新細明體; mso-font-kerning: 0pt;" lang="EN-US"><br></span><span  "微軟正黑體","sans-serif"; mso-bidi-font-size: 11.0pt; mso-bidi-font-family: 新細明體; mso-font-kerning: 0pt;" lang="EN-US">‧</span><span  "微軟正黑體","sans-serif"; mso-bidi-font-size: 11.0pt; mso-bidi-font-family: 新細明體; mso-font-kerning: 0pt;">表格和清單：只顯示最重要的資訊</span><span  "微軟正黑體","sans-serif"; mso-bidi-font-family: 新細明體; mso-font-kerning: 0pt;" lang="EN-US"><br></span><span  "微軟正黑體","sans-serif"; mso-bidi-font-size: 11.0pt; mso-bidi-font-family: 新細明體; mso-font-kerning: 0pt;" lang="EN-US">‧</span><span  "微軟正黑體","sans-serif"; mso-bidi-font-size: 11.0pt; mso-bidi-font-family: 新細明體; mso-font-kerning: 0pt;">查詢、排序和篩選：讓這些功能容易使用</span><span  "微軟正黑體","sans-serif"; mso-bidi-font-family: 新細明體; mso-font-kerning: 0pt;" lang="EN-US"><br></span><span  "微軟正黑體","sans-serif"; mso-bidi-font-size: 11.0pt; mso-bidi-font-family: 新細明體; mso-font-kerning: 0pt;" lang="EN-US">‧</span><span  "微軟正黑體","sans-serif"; mso-bidi-font-size: 11.0pt; mso-bidi-font-family: 新細明體; mso-font-kerning: 0pt;">工具：創造直接互動的幻覺</span><span  "微軟正黑體","sans-serif"; mso-bidi-font-family: 新細明體; mso-font-kerning: 0pt;" lang="EN-US"><br></span><span  "微軟正黑體","sans-serif"; mso-bidi-font-size: 11.0pt; mso-bidi-font-family: 新細明體; mso-font-kerning: 0pt;" lang="EN-US">‧</span><span  "微軟正黑體","sans-serif"; mso-bidi-font-size: 11.0pt; mso-bidi-font-family: 新細明體; mso-font-kerning: 0pt;">圖表：學習基本圖表設計的最佳慣例</span><span  "微軟正黑體","sans-serif"; mso-bidi-font-family: 新細明體; mso-font-kerning: 0pt;" lang="EN-US"><br></span><span  "微軟正黑體","sans-serif"; mso-bidi-font-size: 11.0pt; mso-bidi-font-family: 新細明體; mso-font-kerning: 0pt;" lang="EN-US">‧</span><span  "微軟正黑體","sans-serif"; mso-bidi-font-size: 11.0pt; mso-bidi-font-family: 新細明體; mso-font-kerning: 0pt;">邀請：邀請使用者開始使用並發現相關功能</span><span  "微軟正黑體","sans-serif"; mso-bidi-font-family: 新細明體; mso-font-kerning: 0pt;" lang="EN-US"><br></span><span  "微軟正黑體","sans-serif"; mso-bidi-font-size: 11.0pt; mso-bidi-font-family: 新細明體; mso-font-kerning: 0pt;" lang="EN-US">‧</span><span  "微軟正黑體","sans-serif"; mso-bidi-font-size: 11.0pt; mso-bidi-font-family: 新細明體; mso-font-kerning: 0pt;">回饋和預設用途：幫助使用者執行動作，並提供他們即時回饋</span><span  "微軟正黑體","sans-serif"; mso-bidi-font-family: 新細明體; mso-font-kerning: 0pt;" lang="EN-US"><br></span><span  "微軟正黑體","sans-serif"; mso-bidi-font-size: 11.0pt; mso-bidi-font-family: 新細明體; mso-font-kerning: 0pt;" lang="EN-US">‧Help</span><span  "微軟正黑體","sans-serif"; mso-bidi-font-size: 11.0pt; mso-bidi-font-family: 新細明體; mso-font-kerning: 0pt;">：把<span lang="EN-US">Help</span>頁面整合到較小的型式裡</span><span  "微軟正黑體","sans-serif"; mso-bidi-font-size: 12.0pt; mso-bidi-font-family: 新細明體; mso-font-kerning: 0pt;" lang="EN-US"></span></span></p>\r\n</td>\r\n</tr>\r\n</tbody>\r\n</table>\r\n</div>\r\n<p class="MsoNormal"  left; margin: 0cm 0cm 0pt;"><span  "微軟正黑體","sans-serif"; font-size: small;" lang="EN-US"><span  small;"> </span></span></p>\r\n<p class="MsoNormal"  left; margin: 0cm 0cm 0pt;"><span  small;"><span  small;"><span  "微軟正黑體","sans-serif"; color: #ff3399;" lang="EN-US"><</span><span  "微軟正黑體","sans-serif"; color: #ff3399;">章節目錄<span lang="EN-US">></span></span></span></span></p>\r\n\r\n\r\n\r\n\r\n<table class="MsoNormalTable"  98%; mso-cellspacing: 1.5pt; mso-yfti-tbllook: 1184;" border="0" cellpadding="0" width="98%"><tbody><tr  0; mso-yfti-firstrow: yes; mso-yfti-lastrow: yes;"><td  transparent; border: #ece9d8; padding: 0.75pt;"><span  small;"><span  small;"> </span></span></td>\r\n<td  transparent; border: #ece9d8; padding: 0.75pt;">\r\n<p class="MsoNormal"  0cm 0cm 0pt; mso-pagination: widow-orphan; mso-margin-top-alt: auto; mso-margin-bottom-alt: auto;"><span  small;"><span  "微軟正黑體","sans-serif"; mso-bidi-font-size: 11.0pt; mso-bidi-font-family: 新細明體; mso-font-kerning: 0pt;">推薦序</span><span  "微軟正黑體","sans-serif"; mso-bidi-font-family: 新細明體; mso-font-kerning: 0pt;" lang="EN-US"><br></span><span  "微軟正黑體","sans-serif"; mso-bidi-font-size: 11.0pt; mso-bidi-font-family: 新細明體; mso-font-kerning: 0pt;">前言</span><span  "微軟正黑體","sans-serif"; mso-bidi-font-family: 新細明體; mso-font-kerning: 0pt;" lang="EN-US"><br></span><span  "微軟正黑體","sans-serif"; mso-bidi-font-size: 11.0pt; mso-bidi-font-family: 新細明體; mso-font-kerning: 0pt;">第一章 導覽</span><span  "微軟正黑體","sans-serif"; mso-bidi-font-family: 新細明體; mso-font-kerning: 0pt;" lang="EN-US"><br></span><span  "微軟正黑體","sans-serif"; mso-bidi-font-size: 11.0pt; mso-bidi-font-family: 新細明體; mso-font-kerning: 0pt;">第二章 表單</span><span  "微軟正黑體","sans-serif"; mso-bidi-font-family: 新細明體; mso-font-kerning: 0pt;" lang="EN-US"><br></span><span  "微軟正黑體","sans-serif"; mso-bidi-font-size: 11.0pt; mso-bidi-font-family: 新細明體; mso-font-kerning: 0pt;">第三章 表格和清單</span><span  "微軟正黑體","sans-serif"; mso-bidi-font-family: 新細明體; mso-font-kerning: 0pt;" lang="EN-US"><br></span><span  "微軟正黑體","sans-serif"; mso-bidi-font-size: 11.0pt; mso-bidi-font-family: 新細明體; mso-font-kerning: 0pt;">第四章 查詢、排序和篩選</span><span  "微軟正黑體","sans-serif"; mso-bidi-font-family: 新細明體; mso-font-kerning: 0pt;" lang="EN-US"><br></span><span  "微軟正黑體","sans-serif"; mso-bidi-font-size: 11.0pt; mso-bidi-font-family: 新細明體; mso-font-kerning: 0pt;">第五章 工具</span><span  "微軟正黑體","sans-serif"; mso-bidi-font-family: 新細明體; mso-font-kerning: 0pt;" lang="EN-US"><br></span><span  "微軟正黑體","sans-serif"; mso-bidi-font-size: 11.0pt; mso-bidi-font-family: 新細明體; mso-font-kerning: 0pt;">第六章 圖表 </span><span  "微軟正黑體","sans-serif"; mso-bidi-font-family: 新細明體; mso-font-kerning: 0pt;" lang="EN-US"><br></span><span  "微軟正黑體","sans-serif"; mso-bidi-font-size: 11.0pt; mso-bidi-font-family: 新細明體; mso-font-kerning: 0pt;">第七章 邀請</span><span  "微軟正黑體","sans-serif"; mso-bidi-font-family: 新細明體; mso-font-kerning: 0pt;" lang="EN-US"><br></span><span  "微軟正黑體","sans-serif"; mso-bidi-font-size: 11.0pt; mso-bidi-font-family: 新細明體; mso-font-kerning: 0pt;">第八章 回饋和預設用途 </span><span  "微軟正黑體","sans-serif"; mso-bidi-font-family: 新細明體; mso-font-kerning: 0pt;" lang="EN-US"><br></span><span  "微軟正黑體","sans-serif"; mso-bidi-font-size: 11.0pt; mso-bidi-font-family: 新細明體; mso-font-kerning: 0pt;">第九章 協助 </span><span  "微軟正黑體","sans-serif"; mso-bidi-font-family: 新細明體; mso-font-kerning: 0pt;" lang="EN-US"><br></span><span  "微軟正黑體","sans-serif"; mso-bidi-font-size: 11.0pt; mso-bidi-font-family: 新細明體; mso-font-kerning: 0pt;">第十章 反面模式 </span><span  "微軟正黑體","sans-serif"; mso-bidi-font-family: 新細明體; mso-font-kerning: 0pt;" lang="EN-US"><br></span><span  "微軟正黑體","sans-serif"; mso-bidi-font-size: 11.0pt; mso-bidi-font-family: 新細明體; mso-font-kerning: 0pt;">附錄</span></span></p></td></tr></tbody></table>', 580, 458, 0, '0000-00-00', '0000-00-00', 300, 100, 100, '2012-12-18 16:41:20', 1, 1),
(5, '打卡還不簡單？APP 地圖定位模組設計實例 (iPhone/Android 雙效開發)', 1, 0, '<p><span  #ff00ff;"><strong><內容簡介></strong></span></p>\r\n<p><span  #333333; font-family: arial, 新細明體; font-size: 13px; line-height: 19.5px;">Map punch、Check in、Location Based、Position（地標、定位、打卡）</span><br  #333333; font-family: arial, 新細明體; font-size: 13px; line-height: 19.5px;"><br  #333333; font-family: arial, 新細明體; font-size: 13px; line-height: 19.5px;"><strong  0px; padding: 0px; border: 0px; font: inherit; font-size: 13px; line-height: 19.5px; font-weight: bolder; color: #333333; font-family: arial, 新細明體;">開發者想知道的還有更多.......</strong><br  #333333; font-family: arial, 新細明體; font-size: 13px; line-height: 19.5px;"><br  #333333; font-family: arial, 新細明體; font-size: 13px; line-height: 19.5px;"><span  #333333; font-family: arial, 新細明體; font-size: 13px; line-height: 19.5px;">想在APP裡面完美加入地理情報定位功能</span><br  #333333; font-family: arial, 新細明體; font-size: 13px; line-height: 19.5px;"><span  #333333; font-family: arial, 新細明體; font-size: 13px; line-height: 19.5px;">想知道地圖定位資訊還能做什麼特殊應用</span><br  #333333; font-family: arial, 新細明體; font-size: 13px; line-height: 19.5px;"><span  #333333; font-family: arial, 新細明體; font-size: 13px; line-height: 19.5px;">結合擴增實境（AR）之後的進一步用途</span><br  #333333; font-family: arial, 新細明體; font-size: 13px; line-height: 19.5px;"><span  #333333; font-family: arial, 新細明體; font-size: 13px; line-height: 19.5px;">完全發揮手機GPS、電子羅盤的超強能力</span></p>\r\n<p> </p>\r\n<p><span  #ff00ff;"><strong><本書特色></strong></span></p>\r\n<p><span  #333333; font-family: arial, 新細明體; font-size: 13px; line-height: 19.5px;">◎手機開發者不能不知的地圖地標、定位、打卡技術全公開！</span><br  #333333; font-family: arial, 新細明體; font-size: 13px; line-height: 19.5px;"><span  #333333; font-family: arial, 新細明體; font-size: 13px; line-height: 19.5px;">◎依據不同平台系統的手機開發，iPhone可學到Objective-C語言，Android則可學習Java語言，還能利用其他的資訊來源作為學習手機開發的基礎。</span><br  #333333; font-family: arial, 新細明體; font-size: 13px; line-height: 19.5px;"><span  #333333; font-family: arial, 新細明體; font-size: 13px; line-height: 19.5px;">◎在iPhone或Android上開發以地圖或擴增實境(AR)模式顯示定位資訊的定位資訊軟體。</span><br  #333333; font-family: arial, 新細明體; font-size: 13px; line-height: 19.5px;"><span  #333333; font-family: arial, 新細明體; font-size: 13px; line-height: 19.5px;">◎將原理延伸靈活運用在遊樂園、遊憩區…等，讓地圖應用更貼近生活休閒中。</span></p>\r\n<p> </p>\r\n<p><span  #ff00ff;"><strong><目錄></strong></span></p>\r\n<p><span  #333333; font-family: arial, 新細明體; font-size: 13px; line-height: 19.5px;">第1章－開發之前</span><br  #333333; font-family: arial, 新細明體; font-size: 13px; line-height: 19.5px;"><span  #333333; font-family: arial, 新細明體; font-size: 13px; line-height: 19.5px;">iPhone篇</span><br  #333333; font-family: arial, 新細明體; font-size: 13px; line-height: 19.5px;"><span  #333333; font-family: arial, 新細明體; font-size: 13px; line-height: 19.5px;">第2章－操作定位資訊</span><br  #333333; font-family: arial, 新細明體; font-size: 13px; line-height: 19.5px;"><span  #333333; font-family: arial, 新細明體; font-size: 13px; line-height: 19.5px;">第3章－在地圖上顯示定位資訊</span><br  #333333; font-family: arial, 新細明體; font-size: 13px; line-height: 19.5px;"><span  #333333; font-family: arial, 新細明體; font-size: 13px; line-height: 19.5px;">第4章－利用定位資訊製作擴增實境程式</span><br  #333333; font-family: arial, 新細明體; font-size: 13px; line-height: 19.5px;"><span  #333333; font-family: arial, 新細明體; font-size: 13px; line-height: 19.5px;">第5章 與伺服器取得聯繫</span><br  #333333; font-family: arial, 新細明體; font-size: 13px; line-height: 19.5px;"><br  #333333; font-family: arial, 新細明體; font-size: 13px; line-height: 19.5px;"><span  #333333; font-family: arial, 新細明體; font-size: 13px; line-height: 19.5px;">Android篇</span><br  #333333; font-family: arial, 新細明體; font-size: 13px; line-height: 19.5px;"><span  #333333; font-family: arial, 新細明體; font-size: 13px; line-height: 19.5px;">第2章－操作定位資訊</span><br  #333333; font-family: arial, 新細明體; font-size: 13px; line-height: 19.5px;"><span  #333333; font-family: arial, 新細明體; font-size: 13px; line-height: 19.5px;">第3章－在地圖上顯示定位資訊</span><br  #333333; font-family: arial, 新細明體; font-size: 13px; line-height: 19.5px;"><span  #333333; font-family: arial, 新細明體; font-size: 13px; line-height: 19.5px;">第4章－利用定位資訊製作擴增實境程式</span><br  #333333; font-family: arial, 新細明體; font-size: 13px; line-height: 19.5px;"><span  #333333; font-family: arial, 新細明體; font-size: 13px; line-height: 19.5px;">第5章 與伺服器取得聯繫</span></p>', 560, 431, 0, '0000-00-00', '0000-00-00', 300, 100, 100, '2012-12-18 16:41:07', 1, 0);
INSERT INTO `product` (`id`, `product_name`, `category_id`, `category_second_id`, `introduction`, `market_price`, `sale_price`, `bargain_price`, `bargain_from`, `bargain_to`, `cost`, `unit`, `float_unit`, `update_time`, `on_sale`, `recommend`) VALUES
(6, '達標！Windows 8', 2, 0, '<p class="MsoNormal"  0cm 0cm 0pt;"><span  small;"><span  small;"><span  "微軟正黑體","sans-serif"; color: #ff3399;" lang="EN-US"><</span><span  "微軟正黑體","sans-serif"; color: #ff3399;">內容簡介<span lang="EN-US">></span></span></span></span></p>\r\n<p class="MsoNormal"  0cm 0cm 0pt;"><span  "微軟正黑體","sans-serif"; letter-spacing: 0.95pt; font-size: small;"><span  small;">《達標！<span lang="EN-US">Windows 8</span>》可讓您迅速熟悉<span lang="EN-US">Windows 8</span>，並且達到事半功倍的學習效果。跟著書中詳細的解說操作，將可幫助您快速上手，並能順利搞定系統中各項設定與應用。</span><span  small;"><span lang="EN-US"> <br></span>全新的<span lang="EN-US">Windows 8</span>比過往的系統具備更多、更棒的新功能：</span><span  small;"><span lang="EN-US"> <br>•  </span>採用<span lang="EN-US">Windows 8 UI</span>介面，簡單、易用、愛不釋手的全新動態桌面。</span><span  small;"><span lang="EN-US"> <br>•  </span>神奇觸控技術，類平板應用法，學一次就能全然掌握電腦、筆電、平板與智慧型手機等行動裝置。</span><span  small;"><span lang="EN-US"> <br>•  </span>動態磚讓你掌握即時訊息、<span lang="EN-US">Windows to Go</span>系統帶著走、重新整理不必重灌系統，一切盡在<span lang="EN-US">Windows 8</span>。</span><span  small;"><span lang="EN-US"> <br>•  </span>內建新一代<span lang="EN-US">Internet Explorer 10</span>瀏覽器，支援多點觸控以及最新的<span lang="EN-US">HTML 5 </span>及<span lang="EN-US">CSS 3 </span>網頁技術外，也擁有非常快的瀏覽速度。</span><span  small;"><span lang="EN-US"> <br>•  </span>週邊裝置管理更快速、<span lang="EN-US">PPPoE</span>撥接上網更簡單，無線上網更<span lang="EN-US">Easy</span>。</span><span  small;"><span lang="EN-US"> <br></span>聰明的您可以雙管齊下，運用書中的影音教學影片，完整體驗無壓力的學習快感，在短時間學會<span lang="EN-US">Windows 8</span>的操作。<span lang="EN-US"></span></span></span></p>\r\n<p class="MsoNormal"  0cm 0cm 0pt;"><span  small;"><span  small;"><span  "微軟正黑體","sans-serif"; color: #ff3399;" lang="EN-US"><</span><span  "微軟正黑體","sans-serif"; color: #ff3399;">本書特色<span lang="EN-US">></span></span></span></span></p>\r\n<p class="MsoNormal"  0cm 0cm 0pt;"><span  small;"><span  "微軟正黑體","sans-serif"; letter-spacing: 0.95pt;" lang="EN-US"><span  small;">•  </span></span><span  "微軟正黑體","sans-serif"; letter-spacing: 0.95pt;"><span  small;">含括<span lang="EN-US">Windows 8</span>詳盡的操作技巧，是您徹底掌握<span lang="EN-US">Windows 8</span>的必備利器。</span><span  small;"><span lang="EN-US"> <br>•  </span>全新<span lang="EN-US">Windows 8</span>系統解說，搭配實用易懂的技巧，讓您輕鬆上手、快速學習。</span><span  small;"><span lang="EN-US"> <br>•  </span>拜<span lang="EN-US">iTunes Store</span>之賜，市集中的免費軟體一堆教你玩，必備、常用、推薦給你。</span><span  small;"><span lang="EN-US"> <br>•  </span>整合與管理各大社群連絡人、輕鬆匯入<span lang="EN-US">iPhone</span>、<span lang="EN-US">iPad</span>相片影片等生活職場技巧。</span><span  small;"><span lang="EN-US"> <br>•  </span>搭配影音教學，讓您完整體驗<span lang="EN-US">Windows 8</span>，而不再只是紙上談兵。<span lang="EN-US"></span></span></span></span></p>\r\n<p class="MsoNormal"  0cm 0cm 0pt;"><span  small;"><span  small;"><span  "微軟正黑體","sans-serif"; color: #ff3399;" lang="EN-US"><</span><span  "微軟正黑體","sans-serif"; color: #ff3399;">章節目錄<span lang="EN-US">></span></span></span></span></p>\r\n<p class="MsoNormal"  0cm 0cm 0pt;"><span  "微軟正黑體","sans-serif"; letter-spacing: 0.95pt; font-size: small;"><span  small;">第<span lang="EN-US">01</span>章<span lang="EN-US">    </span>立即享受<span lang="EN-US">Windows 8 </span>的超越</span><span lang="EN-US"><br></span><span  small;">第<span lang="EN-US">02</span>章<span lang="EN-US">    </span>安裝<span lang="EN-US">Windows 8 </span>和<span lang="EN-US">APP </span>應用</span><span lang="EN-US"><br></span><span  small;">第<span lang="EN-US">03</span>章<span lang="EN-US">    </span>認識、掌握、親吻</span><span  small;"><span lang="EN-US">Windows 8<br></span>第<span lang="EN-US">04</span>章<span lang="EN-US">    </span>系統備份與防護</span><span lang="EN-US"><br></span><span  small;">第<span lang="EN-US">05</span>章<span lang="EN-US">    </span>網路連線、共用與分享</span><span lang="EN-US"><br></span><span  small;">第<span lang="EN-US">06</span>章<span lang="EN-US">    </span>管理與存取電腦裡的檔案</span><span lang="EN-US"><br></span><span  small;">第<span lang="EN-US">07</span>章<span lang="EN-US">    APP</span>個人行動應用指南</span><span lang="EN-US"><br></span><span  small;">第<span lang="EN-US">08</span>章<span lang="EN-US">    APP</span>影音、娛樂應用指南</span><span lang="EN-US"><br></span><span  small;">第<span lang="EN-US">09</span>章<span lang="EN-US">    App</span>推薦應用指南</span><span lang="EN-US"><br></span><span  small;">第<span lang="EN-US">10</span>章<span lang="EN-US">    </span>資料應用、安全與擴充</span><span lang="EN-US"><br></span><span  small;">第<span lang="EN-US">11</span>章<span lang="EN-US">    </span>效能評等、改善與磁碟管理</span><span lang="EN-US"><br></span><span  small;">第<span lang="EN-US">12</span>章<span lang="EN-US">    </span>更舒適的使用</span><span  small;"><span lang="EN-US">Windows 8<br></span>第<span lang="EN-US">13</span>章<span lang="EN-US">    </span>系統問題與技巧匯總<span lang="EN-US"></span></span></span></p>\r\n<p class="MsoNormal"  0cm 0cm 0pt;"><span  small;"><span  small;"><span  "微軟正黑體","sans-serif"; color: #ff3399;" lang="EN-US"><</span><span  "微軟正黑體","sans-serif"; color: #ff3399;">光碟內容<span lang="EN-US">></span></span></span></span></p>\r\n<span  small;"><span  small;"><span  "微軟正黑體","sans-serif"; letter-spacing: 0.95pt;" lang="EN-US">•  </span><span  "微軟正黑體","sans-serif"; letter-spacing: 0.95pt;">動態影音教學影片</span></span></span>', 520, 442, 0, '0000-00-00', '0000-00-00', 300, 100, 100, '2012-12-18 16:43:28', 1, 0),
(9, 'Windows 8 Bible, 4/e (Paperback)', 2, 6, '<b  0px; padding: 0px; border: 0px; outline: 0px; font-size: 12px; color: rgb(0, 0, 0); font-family: Helvetica, Arial, ''LiHei Pro'', 新細明體, sans-serif; font-style: normal; font-variant: normal; letter-spacing: normal; line-height: 12px; orphans: 2; text-align: start; text-indent: 0px; text-transform: none; white-space: normal; widows: 2; word-spacing: 0px; -webkit-text-size-adjust: auto; -webkit-text-stroke-width: 0px;">The first and last word on the feature-packed new Windows 8</b><p  10px; padding: 0px; border: 0px; outline: 0px; font-size: 12px; line-height: 1.3; color: rgb(67, 70, 77); font-family: Helvetica, Arial, ''LiHei Pro'', 新細明體, sans-serif; font-style: normal; font-variant: normal; font-weight: normal; letter-spacing: normal; orphans: 2; text-align: start; text-indent: 0px; text-transform: none; white-space: normal; widows: 2; word-spacing: 0px; -webkit-text-size-adjust: auto; -webkit-text-stroke-width: 0px;">Windows 8 is an exciting new version of Microsoft''s flagship operating system and it''s packed with exciting new features. From the new Windows 82032s lock screen and the new Internet Explorer to a built-in PDF reader and new user interface, Windows 8 is not only a replacement for Windows 7 but a serious OS for today''s tablet and touchscreen device users. And what better way to get the very most out of it than with this equally impressive new book from Microsoft experts? Over 900 pages packed with tips, instruction, and techniques help you hit the ground running with Windows 8.</p><ul  0px; padding: 0px; border: 0px; outline: 0px; font-size: 12px; list-style: none; color: rgb(0, 0, 0); font-family: Helvetica, Arial, ''LiHei Pro'', 新細明體, sans-serif; font-style: normal; font-variant: normal; font-weight: normal; letter-spacing: normal; line-height: 12px; orphans: 2; text-align: start; text-indent: 0px; text-transform: none; white-space: normal; widows: 2; word-spacing: 0px; -webkit-text-size-adjust: auto; -webkit-text-stroke-width: 0px;"><li  0px; padding: 0px; border: 0px; outline: 0px; font-size: 12px;">Provides complete how-to coverage of Windows 8 in a thoroughly redesigned and revised new Bible from an expert author team</li><li  0px; padding: 0px; border: 0px; outline: 0px; font-size: 12px;">Covers all the exciting new Windows 8 features, including the Windows 82032s lock screen, Internet Explorer Immersive, Modern Reader, a new interface, and more</li><li  0px; padding: 0px; border: 0px; outline: 0px; font-size: 12px;">Helps new and inexperienced users, as well as those upgrading from Windows 7, Windows Vista, or Windows XP</li><li  0px; padding: 0px; border: 0px; outline: 0px; font-size: 12px;">Also explores new connections to cloud applications and data, distributed file system replication, and improvements to branch cache</li></ul><p  10px; padding: 0px; border: 0px; outline: 0px; font-size: 12px; line-height: 1.3; color: rgb(67, 70, 77); font-family: Helvetica, Arial, ''LiHei Pro'', 新細明體, sans-serif; font-style: normal; font-variant: normal; font-weight: normal; letter-spacing: normal; orphans: 2; text-align: start; text-indent: 0px; text-transform: none; white-space: normal; widows: 2; word-spacing: 0px; -webkit-text-size-adjust: auto; -webkit-text-stroke-width: 0px;">Get the very most out of Windows 8, no matter what device you run it on, with<span class="Apple-converted-space"> </span><i  0px; padding: 0px; border: 0px; outline: 0px; font-size: 12px;">Windows 8 Bible.</i></p>', 1260, 1071, 1008, '2012-11-13', '2013-01-22', 500, 100, 100, '2012-12-18 16:42:36', 1, 1),
(7, '半路叛逃－App 遊戲製作人的 1000 日告白', 1, 7, '<p class="MsoNormal"  0cm 0cm 0pt;"><span  small;"><span  small;"><span  "微軟正黑體","sans-serif"; color: #ff0066; mso-fareast-language: ZH-TW;" lang="EN-US"><</span><span  "微軟正黑體","sans-serif"; color: #ff0066; mso-fareast-language: ZH-TW;">內容簡介<span lang="EN-US">></span></span></span></span></p>\r\n<p class="MsoNormal"  inter-ideograph; text-align: justify; margin: 0cm 0cm 0pt -1.1pt; layout-grid-mode: char; mso-para-margin-left: -.09gd;"> </p>\r\n<p class="MsoNormal"  24.0pt;"><span  新細明體; mso-ascii-font-family: "Times New Roman"; mso-hansi-font-family: "Times New Roman";">在這本書裡，不會講述成功者的教條，</span></p>\r\n<p class="MsoNormal"  24.0pt;"><span  新細明體; mso-ascii-font-family: "Times New Roman"; mso-hansi-font-family: "Times New Roman";">也不保證每個故事都有幸福美好的結局，</span></p>\r\n<p class="MsoNormal"  24.0pt;"><span  新細明體; mso-ascii-font-family: "Times New Roman"; mso-hansi-font-family: "Times New Roman";">但我保證，這裡所有的一切絕對是最誠實無虛的人生故事。</span></p>\r\n<p class="MsoNormal"  24.0pt;"><span lang="EN-US"> </span></p>\r\n<p class="MsoNormal"  24.0pt;"><span lang="EN-US">by App</span><span  新細明體; mso-ascii-font-family: "Times New Roman"; mso-hansi-font-family: "Times New Roman";">遊戲開發者</span> <span  新細明體; mso-ascii-font-family: "Times New Roman"; mso-hansi-font-family: "Times New Roman";">半路</span></p>\r\n<p class="MsoNormal"  24.0pt;"><span lang="EN-US"> </span></p>\r\n<p class="MsoNormal"  24.0pt;"><span lang="EN-US"> </span></p>\r\n<p class="MsoNormal"  24.0pt;"><span  新細明體; mso-ascii-font-family: "Times New Roman"; mso-hansi-font-family: "Times New Roman";">「即使存款只剩下一塊錢，也要做出心中的完美遊戲！」</span></p>\r\n<p class="MsoNormal"  24.0pt;"><span  新細明體; mso-ascii-font-family: "Times New Roman"; mso-hansi-font-family: "Times New Roman";">一段台灣</span><span lang="EN-US">App</span><span  新細明體; mso-ascii-font-family: "Times New Roman"; mso-hansi-font-family: "Times New Roman";">開發者在殘酷戰場求生存的故事。</span></p>\r\n<p class="MsoNormal"  24.0pt;"><span  新細明體; mso-ascii-font-family: "Times New Roman"; mso-hansi-font-family: "Times New Roman";">一場離開傳統到新世界練功升級的真人版遊戲。</span></p>\r\n<p class="MsoNormal"  24.0pt;"><span lang="EN-US"> </span></p>\r\n<p class="MsoNormal"  24.0pt;"><span  新細明體; mso-ascii-font-family: "Times New Roman"; mso-hansi-font-family: "Times New Roman";"> 你也想投身</span><span lang="EN-US">App </span><span  新細明體; mso-ascii-font-family: "Times New Roman"; mso-hansi-font-family: "Times New Roman";">設計的世界嗎？</span><span lang="EN-US"><br> </span><span  新細明體; mso-ascii-font-family: "Times New Roman"; mso-hansi-font-family: "Times New Roman";"> 你也是設計遊戲的夢想家嗎？</span><span lang="EN-US"><br> </span><span  新細明體; mso-ascii-font-family: "Times New Roman"; mso-hansi-font-family: "Times New Roman";"> 你也想離開公司，展開個人獨立創業的冒險嗎？</span></p>\r\n<p class="MsoNormal"  24.0pt;"><span lang="EN-US"> </span></p>\r\n<p class="MsoNormal"  24.0pt;"><span  新細明體; mso-ascii-font-family: "Times New Roman"; mso-hansi-font-family: "Times New Roman";">那麼這將是一本會「觸及開發者的靈魂」的專書，書中沒有枯燥的教條，透過作者半路以犀利、精美的文筆，娓娓道來他如何斬斷在大遊戲公司裡的一切，展開自己的獨立創業之路，以及在獨立遊戲</span><span lang="EN-US">App</span><span  新細明體; mso-ascii-font-family: "Times New Roman"; mso-hansi-font-family: "Times New Roman";">製作上一路走來的所有真實冒險歷程。</span></p>\r\n<p class="MsoNormal"  24.0pt;"><span lang="EN-US"> </span></p>\r\n<p class="MsoNormal"  24.0pt;"><span  新細明體; mso-ascii-font-family: "Times New Roman"; mso-hansi-font-family: "Times New Roman";"> 這將比真正的遊戲還要驚心動魄、還要精采絕倫！</span></p>\r\n<p class="MsoNormal"  24.0pt;"><span lang="EN-US"> </span></p>\r\n<p><span  12.0pt; font-family: 新細明體; mso-ascii-font-family: "Times New Roman"; mso-hansi-font-family: "Times New Roman"; mso-bidi-font-family: "Times New Roman"; mso-font-kerning: 1.0pt; mso-ansi-language: EN-US; mso-fareast-language: ZH-TW; mso-bidi-language: AR-SA;">創作歌手張懸、資深遊戲人銀狐、電腦玩家</span><span  12.0pt; font-family: "Times New Roman"; mso-fareast-font-family: 新細明體; mso-font-kerning: 1.0pt; mso-ansi-language: EN-US; mso-fareast-language: ZH-TW; mso-bidi-language: AR-SA;" lang="EN-US">/</span><span  12.0pt; font-family: 新細明體; mso-ascii-font-family: "Times New Roman"; mso-hansi-font-family: "Times New Roman"; mso-bidi-font-family: "Times New Roman"; mso-font-kerning: 1.0pt; mso-ansi-language: EN-US; mso-fareast-language: ZH-TW; mso-bidi-language: AR-SA;">遊戲基地創辦人徐人強、愛料理食譜網站創辦人</span><span  12.0pt; font-family: "Times New Roman"; mso-fareast-font-family: 新細明體; mso-font-kerning: 1.0pt; mso-ansi-language: EN-US; mso-fareast-language: ZH-TW; mso-bidi-language: AR-SA;" lang="EN-US">fOx</span><span  12.0pt; font-family: 新細明體; mso-ascii-font-family: "Times New Roman"; mso-hansi-font-family: "Times New Roman"; mso-bidi-font-family: "Times New Roman"; mso-font-kerning: 1.0pt; mso-ansi-language: EN-US; mso-fareast-language: ZH-TW; mso-bidi-language: AR-SA;">、數位時代主編</span><span  12.0pt; font-family: "Times New Roman"; mso-fareast-font-family: 新細明體; mso-font-kerning: 1.0pt; mso-ansi-language: EN-US; mso-fareast-language: ZH-TW; mso-bidi-language: AR-SA;" lang="EN-US">Vista</span><span  12.0pt; font-family: 新細明體; mso-ascii-font-family: "Times New Roman"; mso-hansi-font-family: "Times New Roman"; mso-bidi-font-family: "Times New Roman"; mso-font-kerning: 1.0pt; mso-ansi-language: EN-US; mso-fareast-language: ZH-TW; mso-bidi-language: AR-SA;">，這條追求夢想路上的夥伴們共同推薦！</span></p>\r\n<p> </p>\r\n<p class="MsoNormal"  0cm 0cm 0pt;"> </p>\r\n<p class="MsoNormal"  0cm 0cm 0pt;"><span  small;"><span  small;"><span  "微軟正黑體","sans-serif"; color: #ff0066; mso-fareast-language: ZH-TW;" lang="EN-US"><作者簡介</span><span  "微軟正黑體","sans-serif"; color: #ff0066; mso-fareast-language: ZH-TW;"><span lang="EN-US">></span></span></span></span></p>\r\n<p class="MsoNormal"  0cm 0cm 0pt;"> </p>\r\n<p class="MsoNormal"><span  新細明體; mso-ascii-font-family: "Times New Roman"; mso-hansi-font-family: "Times New Roman";">半路，本名鄭暐橋，台灣獨立遊戲</span><span lang="EN-US">App</span><span  新細明體; mso-ascii-font-family: "Times New Roman"; mso-hansi-font-family: "Times New Roman";">製作人，知名部落格猴子靈藥站長，具有敏銳的遊戲嗅覺，獨到的設計功力，以及細膩真摯的文筆。</span></p>\r\n<p class="MsoNormal"><span lang="EN-US"> </span></p>\r\n<p class="MsoNormal"><span  新細明體; mso-ascii-font-family: "Times New Roman"; mso-hansi-font-family: "Times New Roman";">在傳統遊戲產業待過六年，目前正獨立創業中，先前製作的「邦妮的早午餐」曾攻佔台灣付費</span><span lang="EN-US">App</span><span  新細明體; mso-ascii-font-family: "Times New Roman"; mso-hansi-font-family: "Times New Roman";">下載第一名，並常獲邀於各大專院校與網路媒體分享遊戲設計經驗，打算一輩子做遊戲，至死不渝。</span></p>\r\n<p class="MsoNormal"><span lang="EN-US"> </span></p>\r\n<p class="MsoNormal"><span  新細明體; mso-ascii-font-family: "Times New Roman"; mso-hansi-font-family: "Times New Roman";">猴子靈藥：</span><span lang="EN-US">http://blog.monkeypotion.net/</span></p>\r\n<p class="MsoNormal"><span  新細明體; mso-ascii-font-family: "Times New Roman"; mso-hansi-font-family: "Times New Roman";">邦妮的早午餐：</span><span lang="EN-US">http://www.bonniesbrunch.com/</span></p>\r\n<p><span  12.0pt; font-family: 新細明體; mso-ascii-font-family: "Times New Roman"; mso-hansi-font-family: "Times New Roman"; mso-bidi-font-family: "Times New Roman"; mso-font-kerning: 1.0pt; mso-ansi-language: EN-US; mso-fareast-language: ZH-TW; mso-bidi-language: AR-SA;">勾玉忍者：</span><span  12.0pt; font-family: "Times New Roman"; mso-fareast-font-family: 新細明體; mso-font-kerning: 1.0pt; mso-ansi-language: EN-US; mso-fareast-language: ZH-TW; mso-bidi-language: AR-SA;" lang="EN-US">http://www.jadeninja.com/</span></p>\r\n<p> </p>\r\n<p class="MsoNormal"  0cm 0cm 0pt;"><span  small;"><span  small;"><span  "微軟正黑體","sans-serif"; color: #ff0066; mso-fareast-language: ZH-TW;"><span lang="EN-US"><br></span></span></span></span></p>\r\n<p class="MsoNormal"  0cm 0cm 0pt;"><span  small;"><span  small;"><span  "微軟正黑體","sans-serif"; color: #ff0066; mso-fareast-language: ZH-TW;"><span lang="EN-US"><章節目錄></span></span></span></span></p>\r\n<p class="MsoNormal"  0cm 0cm 0pt;"><span  small; color: #000000;"><span  small;"><span  微軟正黑體, sans-serif;"><span lang="EN-US"><span  新細明體;">     第一關</span>. <span  新細明體;">離開大公司</span><br> <br>           1-1. <span  新細明體;">寂寞星球上的孤獨叛逃</span><br>           1-2. <span  新細明體;">走過崩壞的遊戲業螺旋</span><br>           1-3. <span  新細明體;">為何台灣做不出銷量百萬的遊戲</span>APP<span  新細明體;">？</span><br> <br>      <span  新細明體;">第二關</span>. <span  新細明體;">跳海試金石</span><br>           2-1. <span  新細明體;">第</span>0<span  新細明體;">號專案：下班後的黃金行動</span><br>           2-2. <span  新細明體;">第</span>1<span  新細明體;">號專案：做自己想做的遊戲</span><br>           2-3. <span  新細明體;">為什麼你不該離職創業搞</span>APP<span  新細明體;">？</span><br> <br>      <span  新細明體;">第三關</span>. <span  新細明體;">三個大魔王</span><br> <br>           3-1. <span  新細明體;">第一個魔王：和自己對話</span><br>           3-2. <span  新細明體;">第二個魔王：與時間戰鬥</span><br>           3-3. <span  新細明體;">第三個魔王：提早面對挫敗</span><br> <br>      <span  新細明體;">第四關</span>. <span  新細明體;">意料外的苦戰</span><br> <br>           4-1. <span  新細明體;">第</span>2<span  新細明體;">號專案：邦妮的早午餐</span><br>           4-2. <span  新細明體;">第</span>3<span  新細明體;">號專案：忍者聯盟</span><br>           4-3. <span  新細明體;">卡關之後，破關之前</span><br> <br>      <span  新細明體;">第五關</span>. <span  新細明體;">草根行銷之役</span><br>           5-1. <span  新細明體;">黎明前的作戰準備</span><br>           5-2. <span  新細明體;">一決勝負的開戰時刻</span><br>           5-3. <span  新細明體;">作戰成果之真相大揭露</span><br> <br>      <span  新細明體;">第六關</span>. <span  新細明體;">邦妮闖天關</span><br>           6-1. <span  新細明體;">初嚐芒果味，初識小綠人</span><br>           6-2. <span  新細明體;">掀開投資者的底牌</span><br>           6-3. <span  新細明體;">那些創業路上的糖果屋</span><br> <br>      <span  新細明體;">第七關</span>. <span  新細明體;">撼動時代巨輪</span><br>           7-1. <span  新細明體;">第二次遊戲世界大戰</span><br>           7-2. <span  新細明體;">《</span>Minecraft<span  新細明體;">》：你可以走不一樣的路</span><br>           7-3. <span  新細明體;">《</span>Tiny Tower<span  新細明體;">》：如何黏住你的玩家</span><br>           7-4. <span  新細明體;">《勾玉忍者》：手指上的乾坤之戰</span><br> <br>      <span  新細明體;">第八關</span>. <span  新細明體;">修煉道上的腳印</span><br> <br>           8-1. <span  新細明體;">分享力量大</span><br>           8-2. <span  新細明體;">關於跑步</span><br>           8-3. <span  新細明體;">半路上！</span></span></span></span></span></p>', 280, 216, 200, '2012-10-24', '2012-12-17', 150, 100, 98, '2013-03-25 23:08:40', 1, 0),
(8, '4G LTE 新一代行動無線寬頻技術網路規劃與設計', 1, 5, '<p class="MsoNormal"  0cm 0cm 0pt;"><span  small;"><span  small;"><span  "微軟正黑體","sans-serif"; color: #ff3399;" lang="EN-US"><</span><span  "微軟正黑體","sans-serif"; color: #ff3399;">內容特色<span lang="EN-US">></span></span></span></span></p>\r\n<p class="MsoNormal"  0cm 0cm 0pt;"><span  "微軟正黑體","sans-serif"; letter-spacing: 0.85pt; font-size: small;"><span  small;">長期演進（<span lang="EN-US">Long Term Evolution</span>，<span lang="EN-US">LTE</span>）是近年來<span lang="EN-US">3GPP</span>啟動的最新技術研發項目，它改進並增強了<span lang="EN-US">3G </span>的空中接取技術，採用<span lang="EN-US">OFDM </span>和<span lang="EN-US">MIMO </span>作為其無線網路演進的核心技術，提供百兆級位元速率的上下行通訊寬頻接取，具有資源配置靈活、頻譜效率高、高頻寬、低延遲的優勢，滿足了新業務的增長需求，被視為<span lang="EN-US">3G </span>向<span lang="EN-US">4G </span>演進的主流標準，獲得了業界的普遍認同和廣泛支持。</span><span lang="EN-US"><br><br></span><span  small;">本書是進入<span lang="EN-US">LTE</span>行動無線寬頻技術網路規劃與設計領域最佳入門書。全書對<span lang="EN-US">LTE </span>行動通訊網路的規劃與設計進行完整介紹。內容涵蓋<span lang="EN-US">TD-LTE</span>的網路結構、關鍵技術、空中介面；並重點闡述<span lang="EN-US">TD-LTE</span>無線網路規劃設計方法，包括規劃基礎、規劃流程、規劃準備工作、預規劃和詳細規劃、天饋系統設計、室外覆蓋及室內覆蓋規劃設計；最後還提供一些規劃設計的實際案例。</span><span lang="EN-US"><br><br></span><span  small;">適合電信運營商、電信設備提供商、電信諮詢業等相關工程技術人員閱讀參考。<span lang="EN-US"></span></span></span></p>\r\n<p class="MsoNormal"  0cm 0cm 0pt;"><span  small;"><span  small;"><span  "微軟正黑體","sans-serif"; color: #ff3399;" lang="EN-US"><</span><span  "微軟正黑體","sans-serif"; color: #ff3399;">章節目錄<span lang="EN-US">></span></span></span></span></p>\r\n<span  small;"><span  small;"><strong><span  "微軟正黑體","sans-serif"; letter-spacing: 0.85pt; mso-bidi-font-family: ''Times New Roman''; mso-bidi-theme-font: minor-bidi;" lang="EN-US">Chapter1 LTE </span></strong><strong><span  "微軟正黑體","sans-serif"; letter-spacing: 0.85pt; mso-bidi-font-family: ''Times New Roman''; mso-bidi-theme-font: minor-bidi;">行動通訊網路概述</span></strong></span><span  "微軟正黑體","sans-serif"; letter-spacing: 0.85pt;" lang="EN-US"><br><span  small;">1.1 LTE </span></span><span  "微軟正黑體","sans-serif"; letter-spacing: 0.85pt;"><span  small;">發展概述</span><span  small;"><span lang="EN-US"> <br>1.1.1 LTE </span>概念的提出及其部署場景</span><span lang="EN-US"><br><span  small;">1.1.2 LTE </span></span><span  small;">設計目標</span><span lang="EN-US"><br><span  small;">1.1.3 LTE </span></span><span  small;">目前進展</span><span lang="EN-US"><br><span  small;">1.1.4 </span></span><span  small;">技術演進</span><span lang="EN-US"><br><span  small;">1.2 LTE </span></span><span  small;">關鍵技術及特點</span><span lang="EN-US"><br><span  small;">1.2.1 OFDM<br>1.2.2 MIMO<br>1.2.3 </span></span><span  small;">技術特點</span><span lang="EN-US"><br><span  small;">1.2.4 LTE </span></span><span  small;">頻段</span><span lang="EN-US"><br><span  small;">1.2.5 LTE TDD </span></span><span  small;">與<span lang="EN-US">LTE FDD </span>的技術比較</span><span lang="EN-US"><br><span  small;">1.3 LTE </span></span><span  small;">實體層</span><span lang="EN-US"><br><span  small;">1.3.1 </span></span><span  small;">訊框結構和實體通道</span><span lang="EN-US"><br><span  small;">1.3.2 </span></span><span  small;">實體層過程</span><span lang="EN-US"><br><span  small;">1.4 LTE </span></span><span  small;">的系統架構</span><span lang="EN-US"><br><span  small;">1.4.1 LTE </span></span><span  small;">的總體結構</span><span lang="EN-US"><br><span  small;">1.4.2 </span></span><span  small;">網路實體與功能</span><span lang="EN-US"><br><span  small;">1.4.3 </span></span><span  small;">無線介面協定棧</span><span lang="EN-US"><br><span  small;">1.4.4 LTE </span></span><span  small;">的網路介面及功能</span><span lang="EN-US"><br><strong><br><strong><span  "微軟正黑體","sans-serif"; mso-bidi-font-family: ''Times New Roman''; mso-bidi-theme-font: minor-bidi;"><span  small;">Chapter2 </span></span></strong></strong></span><strong><span  "微軟正黑體","sans-serif"; mso-bidi-font-family: ''Times New Roman''; mso-bidi-theme-font: minor-bidi;"><span  small;">業務預測與模式</span></span></strong><span lang="EN-US"><br><span  small;">2.1 </span></span><span  small;">行動通訊網業務預測</span><span lang="EN-US"><br><span  small;">2.1.1 </span></span><span  small;">概述</span><span lang="EN-US"><br><span  small;">2.1.2 </span></span><span  small;">業務的分類</span><span lang="EN-US"><br><span  small;">2.1.3 </span></span><span  small;">預測的依據及原則</span><span lang="EN-US"><br><span  small;">2.1.4 </span></span><span  small;">業務預測中考慮的主要因素</span><span lang="EN-US"><br><span  small;">2.2 </span></span><span  small;">行動通訊業務預測方法</span><span lang="EN-US"><br><span  small;">2.2.1 </span></span><span  small;">用戶數預測方法</span><span lang="EN-US"><br><span  small;">2.2.2 </span></span><span  small;">業務量預測方法</span><span lang="EN-US"><br><span  small;">2.2.3 </span></span><span  small;">資料使用者業務量預測</span><span lang="EN-US"><br><span  small;">2.2.4 </span></span><span  small;">加值業務量的預測</span><span lang="EN-US"><br><span  small;">2.3 </span></span><span  small;">業務分佈預測和業務密度圖生成方法</span><span lang="EN-US"><br><span  small;">2.3.1 </span></span><span  small;">地區分類法</span><span lang="EN-US"><br><span  small;">2.3.2 </span></span><span  small;">線性預測法</span><span lang="EN-US"><br><span  small;">2.3.3 </span></span><span  small;">線性校正法</span><span lang="EN-US"><br><span  small;">2.3.4 </span></span><span  small;">瑞利分佈綜合預測法</span><span lang="EN-US"><br><span  small;">2.3.5 </span></span><span  small;">市話密度類比法</span><span lang="EN-US"><br><span  small;">2.3.6 </span></span><span  small;">綜合計算法</span><span lang="EN-US"><br><span  small;">2.4 </span></span><span  small;">業務模式</span><span lang="EN-US"><br><span  small;">2.4.1 VoIP </span></span><span  small;">業務模式</span><span lang="EN-US"><br><span  small;">2.4.2 </span></span><span  small;">盡力而為（後台）<span lang="EN-US">FTP </span>業務模式</span><span lang="EN-US"><br><span  small;">2.4.3 </span></span><span  small;">網頁瀏覽<span lang="EN-US">HTTP </span>業務模式</span><span lang="EN-US"><br><span  small;">2.4.4 </span></span><span  small;">視頻串流業務模式</span><span lang="EN-US"><br><span  small;">2.4.5 </span></span><span  small;">交談遊戲業務模式</span><span lang="EN-US"><br><br><strong><span  "微軟正黑體","sans-serif"; mso-bidi-font-family: ''Times New Roman''; mso-bidi-theme-font: minor-bidi;"><span  small;">Chapter3 </span></span></strong></span><strong><span  "微軟正黑體","sans-serif"; mso-bidi-font-family: ''Times New Roman''; mso-bidi-theme-font: minor-bidi;"><span  small;">覆蓋分析</span></span></strong><span lang="EN-US"><br><span  small;">3.1 </span></span><span  small;">無線通訊區域分類</span><span lang="EN-US"><br><span  small;">3.1.1 </span></span><span  small;">按無線傳播環境分類</span><span lang="EN-US"><br><span  small;">3.1.2 </span></span><span  small;">按業務分佈分類</span><span lang="EN-US"><br><span  small;">3.2 </span></span><span  small;">鍊結傳播模式</span><span lang="EN-US"><br><span  small;">3.3 </span></span><span  small;">傳播模式校正</span><span lang="EN-US"><br><span  small;">3.4 LTE </span></span><span  small;">鍊結預估</span><span lang="EN-US"><br><span  small;">3.4.1 LTE </span></span><span  small;">鍊結預估參數</span><span lang="EN-US"><br><span  small;">3.4.2 </span></span><span  small;">社區邊緣速率</span><span lang="EN-US"><br><span  small;">3.4.3 </span></span><span  small;">干擾餘量</span><span lang="EN-US"><br><span  small;">3.4.4 </span></span><span  small;">波束賦形</span><span lang="EN-US"><br><span  small;">3.4.5 </span></span><span  small;">系統可靠性</span><span lang="EN-US"><br><span  small;">3.4.6 </span></span><span  small;">鍊結預估中需特別考慮的方面</span><span lang="EN-US"><br><span  small;">3.4.7 </span></span><span  small;">鍊結預估工具內的變數整理</span><span lang="EN-US"><br><span  small;">3.5 </span></span><span  small;">網路模擬</span><span lang="EN-US"><br><br><strong><span  "微軟正黑體","sans-serif"; mso-bidi-font-family: ''Times New Roman''; mso-bidi-theme-font: minor-bidi;"><span  small;">Chapter4 </span></span></strong></span><strong><span  "微軟正黑體","sans-serif"; mso-bidi-font-family: ''Times New Roman''; mso-bidi-theme-font: minor-bidi;"><span  small;">容量分析</span></span></strong><span lang="EN-US"><br><span  small;">4.1 TD-LTE </span></span><span  small;">系統的容量特性</span><span lang="EN-US"><br><span  small;">4.1.1 </span></span><span  small;">用戶傳輸量及社區傳輸量</span><span lang="EN-US"><br><span  small;">4.1.2 </span></span><span  small;">最大同時線上併發用戶數</span><span lang="EN-US"><br><span  small;">4.1.3 VoIP </span></span><span  small;">容量</span><span lang="EN-US"><br><span  small;">4.2 </span></span><span  small;">容量的主要影響因素</span><span lang="EN-US"><br><span  small;">4.2.1 </span></span><span  small;">概述</span><span lang="EN-US"><br><span  small;">4.2.2 </span></span><span  small;">天線技術</span><span lang="EN-US"><br><span  small;">4.2.3 </span></span><span  small;">干擾消除技術</span><span lang="EN-US"><br><span  small;">4.2.4 </span></span><span  small;">其他技術</span><span lang="EN-US"><br><br><strong><span  "微軟正黑體","sans-serif"; mso-bidi-font-family: ''Times New Roman''; mso-bidi-theme-font: minor-bidi;"><span  small;">Chapter5 LTE </span></span></strong></span><strong><span  "微軟正黑體","sans-serif"; mso-bidi-font-family: ''Times New Roman''; mso-bidi-theme-font: minor-bidi;"><span  small;">無線網路的規劃與設計</span></span></strong><span lang="EN-US"><br><span  small;">5.1 </span></span><span  small;">無線網路規劃流程</span><span lang="EN-US"><br><span  small;">5.1.1 LTE </span></span><span  small;">網路規劃流程</span><span lang="EN-US"><br><span  small;">5.1.2 LTE </span></span><span  small;">網路規劃特點</span><span lang="EN-US"><br><span  small;">5.1.3 LTE </span></span><span  small;">網路規劃步驟</span><span lang="EN-US"><br><span  small;">5.2 LTE </span></span><span  small;">無線網路的覆蓋設計</span><span lang="EN-US"><br><span  small;">5.2.1 LTE </span></span><span  small;">網路覆蓋規劃與設計流程</span><span lang="EN-US"><br><span  small;">5.2.2 LTE </span></span><span  small;">無線網路覆蓋策略</span><span lang="EN-US"><br><span  small;">5.2.3 LTE </span></span><span  small;">上行覆蓋規劃關鍵技術</span><span lang="EN-US"><br><span  small;">5.2.4 LTE </span></span><span  small;">下行覆蓋規劃關鍵技術</span><span lang="EN-US"><br><span  small;">5.3 LTE </span></span><span  small;">無線網路的容量規劃與設計</span><span lang="EN-US"><br><span  small;">5.3.1 </span></span><span  small;">影響<span lang="EN-US">TD-LTE </span>容量性能的主要因素</span><span lang="EN-US"><br><span  small;">5.3.2 TD-LTE </span></span><span  small;">容量評估指標</span><span lang="EN-US"><br><span  small;">5.3.3 TD-LTE </span></span><span  small;">容量分析結果</span><span lang="EN-US"><br><span  small;">5.4 LTE </span></span><span  small;">基地站址的選擇</span><span lang="EN-US"><br><span  small;">5.4.1 LTE </span></span><span  small;">站址的選擇原則</span><span lang="EN-US"><br><span  small;">5.4.2 </span></span><span  small;">站距對系統性能的影響</span><span lang="EN-US"><br><span  small;">5.4.3 </span></span><span  small;">天線的選擇</span><span lang="EN-US"><br><span  small;">5.5 </span></span><span  small;">網路規劃中干擾的考慮</span><span lang="EN-US"><br><span  small;">5.5.1 LTE </span></span><span  small;">系統的干擾分類</span><span lang="EN-US"><br><span  small;">5.5.2 </span></span><span  small;">系統間干擾的主要類型</span><span lang="EN-US"><br><span  small;">5.5.3 </span></span><span  small;">系統間干擾的規避措施</span><span lang="EN-US"><br><span  small;">5.5.4 LTE </span></span><span  small;">系統的干擾分析</span><span lang="EN-US"><br><span  small;">5.6 </span></span><span  small;">節能減碳措施</span><span lang="EN-US"><br><span  small;">5.6.1 </span></span><span  small;">行動通訊網路能耗構成</span><span lang="EN-US"><br><span  small;">5.6.2 </span></span><span  small;">基地站節能的基本原則</span><span lang="EN-US"><br><span  small;">5.6.3 </span></span><span  small;">分散式基地站</span><span lang="EN-US"><br><span  small;">5.6.4 </span></span><span  small;">智能載頻關斷</span><span lang="EN-US"><br><span  small;">5.6.5 </span></span><span  small;">機房環境節能</span><span lang="EN-US"><br><span  small;">5.6.6 </span></span><span  small;">智能通風</span><span lang="EN-US"><br><span  small;">5.6.7 </span></span><span  small;">智能熱交換</span><span lang="EN-US"><br><span  small;">5.6.8 </span></span><span  small;">熱管空調</span><span lang="EN-US"><br><span  small;">5.6.9 </span></span><span  small;">蓄電池恆溫櫃與機房升溫技術</span><span lang="EN-US"><br><span  small;">5.6.10 </span></span><span  small;">開關電源節能技術</span><span lang="EN-US"><br><span  small;">5.6.11 </span></span><span  small;">太陽能光電發電技術</span><span lang="EN-US"><br><span  small;">5.6.12 </span></span><span  small;">風光互補供電技術</span><span lang="EN-US"><br><br><strong><span  "微軟正黑體","sans-serif"; mso-bidi-font-family: ''Times New Roman''; mso-bidi-theme-font: minor-bidi;"><span  small;">Chapter6 LTE </span></span></strong></span><strong><span  "微軟正黑體","sans-serif"; mso-bidi-font-family: ''Times New Roman''; mso-bidi-theme-font: minor-bidi;"><span  small;">室內分佈系統的規劃與設計</span></span></strong><span lang="EN-US"><br><span  small;">6.1 </span></span><span  small;">室內分佈系統簡介</span><span lang="EN-US"><br><span  small;">6.1.1 </span></span><span  small;">室內分佈系統的概念和重要性</span><span lang="EN-US"><br><span  small;">6.1.2 </span></span><span  small;">為什麼要建設室內分佈系統</span><span lang="EN-US"><br><span  small;">6.2 </span></span><span  small;">實現室內分佈系統的技術方案</span><span lang="EN-US"><br><span  small;">6.3 </span></span><span  small;">室內分佈系統的組成</span><span lang="EN-US"><br><span  small;">6.4 </span></span><span  small;">訊號源的提取方式</span><span lang="EN-US"><br><span  small;">6.5 </span></span><span  small;">訊號分佈的基本方式</span><span lang="EN-US"><br><span  small;">6.5.1 </span></span><span  small;">無源分佈方式</span><span lang="EN-US"><br><span  small;">6.5.2 </span></span><span  small;">有源分佈方式</span><span lang="EN-US"><br><span  small;">6.5.3 </span></span><span  small;">光纖分佈方式</span><span lang="EN-US"><br><span  small;">6.5.4 </span></span><span  small;">洩漏電纜分佈方式</span><span lang="EN-US"><br><span  small;">6.5.5 </span></span><span  small;">混合分佈方式</span><span lang="EN-US"><br><span  small;">6.6 LTE </span></span><span  small;">室內分佈系統的設計</span><span lang="EN-US"><br><span  small;">6.6.1 LTE </span></span><span  small;">分佈系統中的關鍵問題</span><span lang="EN-US"><br><span  small;">6.6.2 LTE </span></span><span  small;">室內分佈系統的設計目標</span><span lang="EN-US"><br><span  small;">6.6.3 LTE </span></span><span  small;">室內分佈系統的設計原則</span><span lang="EN-US"><br><span  small;">6.6.4 LTE </span></span><span  small;">室內分佈系統設計流程</span><span lang="EN-US"><br><span  small;">6.6.5 </span></span><span  small;">分佈系統設計中要考慮的問題</span><span lang="EN-US"><br><span  small;">6.6.6 LTE </span></span><span  small;">室內分佈案例分析</span></span></span>', 490, 417, 0, '0000-00-00', '0000-00-00', 300, 100, 100, '2012-12-22 23:27:13', 1, 0),
(10, 'Using LEDs, LCDs and GLCDs in Microcontroller Projects (Hardcover)', 2, 0, '<p>Describing the use of displays in microcontroller based projects, the\r\n author makes extensive use of real-world, tested projects. The complete\r\n details of each project are given, including the full circuit diagram \r\nand source code. The author explains how to program microcontrollers (in\r\n C language) with LED, LCD and GLCD displays; and gives a brief theory \r\nabout the operation, advantages and disadvantages of each type of \r\ndisplay.</p><p> Key features:</p><ul><li>Covers topics such as:      \r\ndisplaying text on LCDs, scrolling text on LCDs, displaying graphics on \r\n     GLCDs, simple GLCD based games, environmental monitoring using \r\nGLCDs (e.g.      temperature displays)</li><li>Uses C programming \r\nthroughout      the book – the basic principles of programming using C \r\nlanguage and      introductory information about PIC microcontroller \r\narchitecture will also      be provided</li><li>Includes the highly \r\npopular PIC      series of microcontrollers using the medium range PIC18\r\n family of      microcontrollers in the book.</li><li>Provides a detailed explanation      of Visual GLCD and Visual TFT with examples.</li><li>Companion website hosting      program listings and data sheets</li><li>Contains\r\n the extensive use of      visual aids for designing LED, LCD and GLCD \r\ndisplays to help readers to      understand the details of programming \r\nthe displays: screen-shots, tables,      illustrations, and figures, as \r\nwell as end of chapter exercises</li></ul><p><i>Using LEDs, LCDS, and GLCDs in Microcontroller Projects </i>is\r\n an application oriented book providing a number of design projects \r\nmaking it practical and accessible for electrical & electronic \r\nengineering and computer engineering senior undergraduates and \r\npostgraduates. Practising engineers designing microcontroller based \r\ndevices with LED, LCD or GLCD displays will also find the book of great \r\nuse.</p>', 3470, 3123, 2950, '2012-11-20', '2013-01-29', 2000, 100, 99, '2013-03-25 23:08:28', 1, 0);
INSERT INTO `product` (`id`, `product_name`, `category_id`, `category_second_id`, `introduction`, `market_price`, `sale_price`, `bargain_price`, `bargain_from`, `bargain_to`, `cost`, `unit`, `float_unit`, `update_time`, `on_sale`, `recommend`) VALUES
(11, 'Android 4.X 手機/平板電腦程式設計入門、應用到精通, 2/e (適用 Android 1.X~4.X)', 1, 7, '<p  10px; padding: 0px; border: 0px; outline: 0px; font-size: 12px; line-height: 1.3; color: rgb(67, 70, 77); font-family: Helvetica, Arial, ''LiHei Pro'', 新細明體, sans-serif; font-style: normal; font-variant: normal; font-weight: normal; letter-spacing: normal; orphans: 2; text-align: start; text-indent: 0px; text-transform: none; white-space: normal; widows: 2; word-spacing: 0px; -webkit-text-size-adjust: auto; -webkit-text-stroke-width: 0px;"><span  0px; padding: 0px; border: 0px; outline: 0px; font-size: 9pt; font-family: ''Times New Roman''; color: rgb(255, 102, 0);" lang="EN-US">*</span><span  0px; padding: 0px; border: 0px; outline: 0px; font-size: 9pt; font-family: 新細明體; color: rgb(255, 102, 0);">感謝讀者對於本書第一版的熱烈支持，這次改版不僅增加超過三分之一的內容，而且堅持不漲價以嘉惠讀者</span><span  0px; padding: 0px; border: 0px; outline: 0px; font-size: 9pt; font-family: ''Times New Roman''; color: rgb(255, 102, 0);" lang="EN-US">*</span></p><p  10px; padding: 0px; border: 0px; outline: 0px; font-size: 12px; line-height: 1.3; color: rgb(67, 70, 77); font-family: Helvetica, Arial, ''LiHei Pro'', 新細明體, sans-serif; font-style: normal; font-variant: normal; font-weight: normal; letter-spacing: normal; orphans: 2; text-align: start; text-indent: 0px; text-transform: none; white-space: normal; widows: 2; word-spacing: 0px; -webkit-text-size-adjust: auto; -webkit-text-stroke-width: 0px;"><span  0px; padding: 0px; border: 0px; outline: 0px; font-size: 9pt;" lang="EN-US"><br></span><span  0px; padding: 0px; border: 0px; outline: 0px; font-size: 9pt; font-family: 新細明體; color: rgb(102, 102, 102);">『作者孫宏明老師具有長期教學與實務設計經驗，將相關知識與技巧詳細解說，巧妙涵蓋學習與實務不同層次需求，相信能為讀者帶來有效的幫助，輕鬆提升程式開發技藝。』</span><span  0px; padding: 0px; border: 0px; outline: 0px; font-size: 9pt; font-family: ''Times New Roman''; color: rgb(102, 102, 102);" lang="EN-US"><br>--</span><span  0px; padding: 0px; border: 0px; outline: 0px; font-size: 9pt; font-family: 新細明體; color: rgb(102, 102, 102);">中央研究院</span><span  0px; padding: 0px; border: 0px; outline: 0px; font-size: 9pt; font-family: ''Times New Roman''; color: rgb(102, 102, 102);"><span class="Apple-converted-space"> </span></span><span  0px; padding: 0px; border: 0px; outline: 0px; font-size: 9pt; font-family: 新細明體; color: rgb(102, 102, 102);">黃文良</span><span  0px; padding: 0px; border: 0px; outline: 0px; font-size: 9pt; font-family: ''Times New Roman''; color: rgb(102, 102, 102);"><span class="Apple-converted-space"> </span></span><span  0px; padding: 0px; border: 0px; outline: 0px; font-size: 9pt; font-family: 新細明體; color: rgb(102, 102, 102);">教授</span><span  0px; padding: 0px; border: 0px; outline: 0px; font-size: 9pt; font-family: ''Times New Roman''; color: rgb(102, 102, 102);" lang="EN-US">--<br><br></span><span  0px; padding: 0px; border: 0px; outline: 0px; font-size: 9pt; font-family: 新細明體; color: rgb(102, 102, 102);">『本書不僅邏輯及描述非常清楚，而且在程式範例的設計和編排上也顧及初學者的需要，讀來非常輕鬆流暢，相信閱讀本書必能提高讀者的學習興趣和成效。』</span><span  0px; padding: 0px; border: 0px; outline: 0px; font-size: 9pt; font-family: ''Times New Roman''; color: rgb(102, 102, 102);" lang="EN-US"><br>--</span><span  0px; padding: 0px; border: 0px; outline: 0px; font-size: 9pt; font-family: 新細明體; color: rgb(102, 102, 102);">國立清華大學資工系</span><span  0px; padding: 0px; border: 0px; outline: 0px; font-size: 9pt; font-family: ''Times New Roman''; color: rgb(102, 102, 102);"><span class="Apple-converted-space"> </span></span><span  0px; padding: 0px; border: 0px; outline: 0px; font-size: 9pt; font-family: 新細明體; color: rgb(102, 102, 102);">賴尚宏</span><span  0px; padding: 0px; border: 0px; outline: 0px; font-size: 9pt; font-family: ''Times New Roman''; color: rgb(102, 102, 102);"><span class="Apple-converted-space"> </span></span><span  0px; padding: 0px; border: 0px; outline: 0px; font-size: 9pt; font-family: 新細明體; color: rgb(102, 102, 102);">教授</span><span  0px; padding: 0px; border: 0px; outline: 0px; font-size: 9pt; font-family: ''Times New Roman''; color: rgb(102, 102, 102);" lang="EN-US">--<br><br></span><span  0px; padding: 0px; border: 0px; outline: 0px; font-size: 9pt; font-family: 新細明體; color: rgb(102, 102, 102);">『推薦大家這本由孫老師精心編寫的</span><span  0px; padding: 0px; border: 0px; outline: 0px; font-size: 9pt; font-family: ''Times New Roman''; color: rgb(102, 102, 102);" lang="EN-US">Android</span><span  0px; padding: 0px; border: 0px; outline: 0px; font-size: 9pt; font-family: 新細明體; color: rgb(102, 102, 102);">教學書籍，其中包含許多重要主題單元，內容非常豐富，討論了非常多的例子。這是一本非常好的學習手冊與工具書，非常適合已具備</span><span  0px; padding: 0px; border: 0px; outline: 0px; font-size: 9pt; font-family: ''Times New Roman''; color: rgb(102, 102, 102);" lang="EN-US">Java</span><span  0px; padding: 0px; border: 0px; outline: 0px; font-size: 9pt; font-family: 新細明體; color: rgb(102, 102, 102);">語言基礎，要學習</span><span  0px; padding: 0px; border: 0px; outline: 0px; font-size: 9pt; font-family: ''Times New Roman''; color: rgb(102, 102, 102);" lang="EN-US">Android</span><span  0px; padding: 0px; border: 0px; outline: 0px; font-size: 9pt; font-family: 新細明體; color: rgb(102, 102, 102);">程式開發的讀者。』</span><span  0px; padding: 0px; border: 0px; outline: 0px; font-size: 9pt; font-family: ''Times New Roman''; color: rgb(102, 102, 102);" lang="EN-US"><br>--</span><span  0px; padding: 0px; border: 0px; outline: 0px; font-size: 9pt; font-family: 新細明體; color: rgb(102, 102, 102);">台灣大學資工系</span><span  0px; padding: 0px; border: 0px; outline: 0px; font-size: 9pt; font-family: ''Times New Roman''; color: rgb(102, 102, 102);"><span class="Apple-converted-space"> </span></span><span  0px; padding: 0px; border: 0px; outline: 0px; font-size: 9pt; font-family: 新細明體; color: rgb(102, 102, 102);">李盛安</span><span  0px; padding: 0px; border: 0px; outline: 0px; font-size: 9pt; font-family: ''Times New Roman''; color: rgb(102, 102, 102);"><span class="Apple-converted-space"> </span></span><span  0px; padding: 0px; border: 0px; outline: 0px; font-size: 9pt; font-family: 新細明體; color: rgb(102, 102, 102);">博士</span><span  0px; padding: 0px; border: 0px; outline: 0px; font-size: 9pt; font-family: ''Times New Roman''; color: rgb(102, 102, 102);" lang="EN-US">--<br><br></span><span  0px; padding: 0px; border: 0px; outline: 0px; font-size: 9pt; font-family: 新細明體; color: rgb(102, 102, 102);">同學意見回饋：</span><span  0px; padding: 0px; border: 0px; outline: 0px; font-size: 9pt; font-family: ''Times New Roman''; color: rgb(102, 102, 102);" lang="EN-US"><br></span><span  0px; padding: 0px; border: 0px; outline: 0px; font-size: 9pt; font-family: 新細明體; color: rgb(102, 102, 102);">『我的</span><span  0px; padding: 0px; border: 0px; outline: 0px; font-size: 9pt; font-family: ''Times New Roman''; color: rgb(102, 102, 102);" lang="EN-US">Java</span><span  0px; padding: 0px; border: 0px; outline: 0px; font-size: 9pt; font-family: 新細明體; color: rgb(102, 102, 102);">學的很心虛，可是看老師的書再依照步驟操作竟然輕輕鬆鬆就完成一個程式，而且還能自己小小修改一下，真是太棒了！』</span><span  0px; padding: 0px; border: 0px; outline: 0px; font-size: 9pt; font-family: ''Times New Roman''; color: rgb(102, 102, 102);" lang="EN-US"><br><br></span><span  0px; padding: 0px; border: 0px; outline: 0px; font-size: 9pt; font-family: 新細明體; color: rgb(102, 102, 102);">『剛開始被</span><span  0px; padding: 0px; border: 0px; outline: 0px; font-size: 9pt; font-family: ''Times New Roman''; color: rgb(102, 102, 102);" lang="EN-US">Eclipse</span><span  0px; padding: 0px; border: 0px; outline: 0px; font-size: 9pt; font-family: 新細明體; color: rgb(102, 102, 102);">卡住了，也不知道專案怎麼設定，看了書上的介紹之後所有問題都迎刃而解</span><span  0px; padding: 0px; border: 0px; outline: 0px; font-size: 9pt; font-family: ''Times New Roman''; color: rgb(102, 102, 102);" lang="EN-US">…</span><span  0px; padding: 0px; border: 0px; outline: 0px; font-size: 9pt; font-family: 新細明體; color: rgb(102, 102, 102);">』</span><span  0px; padding: 0px; border: 0px; outline: 0px; font-size: 9pt; font-family: ''Times New Roman''; color: rgb(102, 102, 102);" lang="EN-US"><br><br></span><span  0px; padding: 0px; border: 0px; outline: 0px; font-size: 9pt; font-family: 新細明體; color: rgb(102, 102, 102);">『以前不知道程式除錯的方法，學過前面幾個單元之後就讓我的程式設計功力大增！』</span><span  0px; padding: 0px; border: 0px; outline: 0px; font-size: 9pt; font-family: ''Times New Roman''; color: rgb(102, 102, 102);" lang="EN-US"><br><br></span><span  0px; padding: 0px; border: 0px; outline: 0px; font-size: 9pt; font-family: 新細明體; color: rgb(102, 102, 102);">想學</span><span  0px; padding: 0px; border: 0px; outline: 0px; font-size: 9pt; font-family: ''Times New Roman''; color: rgb(102, 102, 102);" lang="EN-US">Android</span><span  0px; padding: 0px; border: 0px; outline: 0px; font-size: 9pt; font-family: 新細明體; color: rgb(102, 102, 102);">程式設計卻擔心功力不夠？或是讀了</span><span  0px; padding: 0px; border: 0px; outline: 0px; font-size: 9pt; font-family: ''Times New Roman''; color: rgb(102, 102, 102);" lang="EN-US">Android</span><span  0px; padding: 0px; border: 0px; outline: 0px; font-size: 9pt; font-family: 新細明體; color: rgb(102, 102, 102);">程式設計的書卻還是不懂</span><span  0px; padding: 0px; border: 0px; outline: 0px; font-size: 9pt; font-family: ''Times New Roman''; color: rgb(102, 102, 102);" lang="EN-US">Service</span><span  0px; padding: 0px; border: 0px; outline: 0px; font-size: 9pt; font-family: 新細明體; color: rgb(102, 102, 102);">的用法，也不知道如何開發</span><span  0px; padding: 0px; border: 0px; outline: 0px; font-size: 9pt; font-family: ''Times New Roman''; color: rgb(102, 102, 102);" lang="EN-US">App Widget</span><span  0px; padding: 0px; border: 0px; outline: 0px; font-size: 9pt; font-family: 新細明體; color: rgb(102, 102, 102);">程式，對於最重要的</span><span  0px; padding: 0px; border: 0px; outline: 0px; font-size: 9pt; font-family: ''Times New Roman''; color: rgb(102, 102, 102);" lang="EN-US">Intent</span><span  0px; padding: 0px; border: 0px; outline: 0px; font-size: 9pt; font-family: 新細明體; color: rgb(102, 102, 102);">物件也是一知半解</span><span  0px; padding: 0px; border: 0px; outline: 0px; font-size: 9pt; font-family: ''Times New Roman''; color: rgb(102, 102, 102);" lang="EN-US">…</span><span  0px; padding: 0px; border: 0px; outline: 0px; font-size: 9pt; font-family: 新細明體; color: rgb(102, 102, 102);">。本書一次解決您所有的問題，從</span><span  0px; padding: 0px; border: 0px; outline: 0px; font-size: 9pt; font-family: ''Times New Roman''; color: rgb(102, 102, 102);" lang="EN-US">Eclipse</span><span  0px; padding: 0px; border: 0px; outline: 0px; font-size: 9pt; font-family: 新細明體; color: rgb(102, 102, 102);">的操作技巧、強大的程式碼編輯輔助功能、程式的除錯技術等基本功開始，到</span><span  0px; padding: 0px; border: 0px; outline: 0px; font-size: 9pt; font-family: ''Times New Roman''; color: rgb(102, 102, 102);" lang="EN-US">Android</span><span  0px; padding: 0px; border: 0px; outline: 0px; font-size: 9pt; font-family: 新細明體; color: rgb(102, 102, 102);">程式架構詳解、各種介面元件用法介紹、以及</span><span  0px; padding: 0px; border: 0px; outline: 0px; font-size: 9pt; font-family: ''Times New Roman''; color: rgb(102, 102, 102);" lang="EN-US">Android</span><span  0px; padding: 0px; border: 0px; outline: 0px; font-size: 9pt; font-family: 新細明體; color: rgb(102, 102, 102);">程式的進階功能和應用，帶領您從入門一路晉升成為開發</span><span  0px; padding: 0px; border: 0px; outline: 0px; font-size: 9pt; font-family: ''Times New Roman''; color: rgb(102, 102, 102);" lang="EN-US">Android</span><span  0px; padding: 0px; border: 0px; outline: 0px; font-size: 9pt; font-family: 新細明體; color: rgb(102, 102, 102);">程式的專家。不管是手機、平板電腦或是其它</span><span  0px; padding: 0px; border: 0px; outline: 0px; font-size: 9pt; font-family: ''Times New Roman''; color: rgb(102, 102, 102);" lang="EN-US">Android</span><span  0px; padding: 0px; border: 0px; outline: 0px; font-size: 9pt; font-family: 新細明體; color: rgb(102, 102, 102);">裝置，大小通吃！</span><span  0px; padding: 0px; border: 0px; outline: 0px; font-size: 9pt; font-family: ''Times New Roman''; color: rgb(102, 102, 102);" lang="EN-US"><br></span><span  0px; padding: 0px; border: 0px; outline: 0px; font-size: 9pt; font-family: 新細明體; color: rgb(102, 102, 102);">本書不僅內容豐富完整，更重要的是筆者根據教學經驗費心整理出一條由淺入深的學習路徑，搭配單元主題的學習方式和清楚明瞭的步驟式講解，再加上精心設計的實作範例，讓您在學過每一個單元之後都能立即上手，達到最高的學習效率。這種編排方式的另一個好處是方便日後查詢，由於每一個單元的內容長度適中、主題明確，讀者可以根據目錄快速找到需要的資料。</span><span  0px; padding: 0px; border: 0px; outline: 0px; font-size: 9pt; font-family: ''Times New Roman''; color: rgb(102, 102, 102);" lang="EN-US"><br>Android 3</span><span  0px; padding: 0px; border: 0px; outline: 0px; font-size: 9pt; font-family: 新細明體; color: rgb(102, 102, 102);">和</span><span  0px; padding: 0px; border: 0px; outline: 0px; font-size: 9pt; font-family: ''Times New Roman''; color: rgb(102, 102, 102);" lang="EN-US">4</span><span  0px; padding: 0px; border: 0px; outline: 0px; font-size: 9pt; font-family: 新細明體; color: rgb(102, 102, 102);">增加了許多新技術，像是</span><span  0px; padding: 0px; border: 0px; outline: 0px; font-size: 9pt; font-family: ''Times New Roman''; color: rgb(102, 102, 102);" lang="EN-US">fragment</span><span  0px; padding: 0px; border: 0px; outline: 0px; font-size: 9pt; font-family: 新細明體; color: rgb(102, 102, 102);">、</span><span  0px; padding: 0px; border: 0px; outline: 0px; font-size: 9pt; font-family: ''Times New Roman''; color: rgb(102, 102, 102);" lang="EN-US">action bar</span><span  0px; padding: 0px; border: 0px; outline: 0px; font-size: 9pt; font-family: 新細明體; color: rgb(102, 102, 102);">、</span><span  0px; padding: 0px; border: 0px; outline: 0px; font-size: 9pt; font-family: ''Times New Roman''; color: rgb(102, 102, 102);" lang="EN-US">property animation…</span><span  0px; padding: 0px; border: 0px; outline: 0px; font-size: 9pt; font-family: 新細明體; color: rgb(102, 102, 102);">等，為了讓學習更加流暢和完整，筆者將這些新功能和原來的內容重新整理編排以提高整體性。另外為了方便讀者區分不同</span><span  0px; padding: 0px; border: 0px; outline: 0px; font-size: 9pt; font-family: ''Times New Roman''; color: rgb(102, 102, 102);" lang="EN-US">Android</span><span  0px; padding: 0px; border: 0px; outline: 0px; font-size: 9pt; font-family: 新細明體; color: rgb(102, 102, 102);">版本的功能差異，在每一個單元都特別註明適用的版本，以方便挑選適合的技術。</span><span  0px; padding: 0px; border: 0px; outline: 0px; font-size: 9pt; font-family: ''Times New Roman''; color: rgb(102, 102, 102);" lang="EN-US">Android 4</span><span  0px; padding: 0px; border: 0px; outline: 0px; font-size: 9pt; font-family: 新細明體; color: rgb(102, 102, 102);">的主要特色就是適用不同類型的裝置包括手機和平板電腦，因此如何讓程式的操作介面可以動態配合不同的螢幕尺寸是很重要的技術主題，本書特別針對這方面的考量提供完整的解決方法。本書的內容和特色如下：</span><span  0px; padding: 0px; border: 0px; outline: 0px; font-size: 9pt; font-family: ''Times New Roman''; color: rgb(102, 102, 102);" lang="EN-US"><br>*</span><span  0px; padding: 0px; border: 0px; outline: 0px; font-size: 9pt; font-family: 新細明體; color: rgb(102, 102, 102);">豐富的</span><span  0px; padding: 0px; border: 0px; outline: 0px; font-size: 9pt; font-family: ''Times New Roman''; color: rgb(102, 102, 102);" lang="EN-US">Eclipse</span><span  0px; padding: 0px; border: 0px; outline: 0px; font-size: 9pt; font-family: 新細明體; color: rgb(102, 102, 102);">開發環境操作技巧，幫助初學者快速學會</span><span  0px; padding: 0px; border: 0px; outline: 0px; font-size: 9pt; font-family: ''Times New Roman''; color: rgb(102, 102, 102);" lang="EN-US">Eclipse</span><span  0px; padding: 0px; border: 0px; outline: 0px; font-size: 9pt; font-family: 新細明體; color: rgb(102, 102, 102);">的強大功能以及程式除錯技術，並善用程式編輯輔助功能，提升程式開發效率</span><span  0px; padding: 0px; border: 0px; outline: 0px; font-size: 9pt; font-family: ''Times New Roman''; color: rgb(102, 102, 102);" lang="EN-US"><br>*</span><span  0px; padding: 0px; border: 0px; outline: 0px; font-size: 9pt; font-family: 新細明體; color: rgb(102, 102, 102);">包含</span><span  0px; padding: 0px; border: 0px; outline: 0px; font-size: 9pt; font-family: ''Times New Roman''; color: rgb(102, 102, 102);" lang="EN-US">Android 3</span><span  0px; padding: 0px; border: 0px; outline: 0px; font-size: 9pt; font-family: 新細明體; color: rgb(102, 102, 102);">和</span><span  0px; padding: 0px; border: 0px; outline: 0px; font-size: 9pt; font-family: ''Times New Roman''; color: rgb(102, 102, 102);" lang="EN-US">4</span><span  0px; padding: 0px; border: 0px; outline: 0px; font-size: 9pt; font-family: 新細明體; color: rgb(102, 102, 102);">的新技術，像是</span><span  0px; padding: 0px; border: 0px; outline: 0px; font-size: 9pt; font-family: ''Times New Roman''; color: rgb(102, 102, 102);" lang="EN-US">fragment</span><span  0px; padding: 0px; border: 0px; outline: 0px; font-size: 9pt; font-family: 新細明體; color: rgb(102, 102, 102);">、</span><span  0px; padding: 0px; border: 0px; outline: 0px; font-size: 9pt; font-family: ''Times New Roman''; color: rgb(102, 102, 102);" lang="EN-US">action bar</span><span  0px; padding: 0px; border: 0px; outline: 0px; font-size: 9pt; font-family: 新細明體; color: rgb(102, 102, 102);">、</span><span  0px; padding: 0px; border: 0px; outline: 0px; font-size: 9pt; font-family: ''Times New Roman''; color: rgb(102, 102, 102);" lang="EN-US">action item/view</span><span  0px; padding: 0px; border: 0px; outline: 0px; font-size: 9pt; font-family: 新細明體; color: rgb(102, 102, 102);">、</span><span  0px; padding: 0px; border: 0px; outline: 0px; font-size: 9pt; font-family: ''Times New Roman''; color: rgb(102, 102, 102);" lang="EN-US">property animation</span><span  0px; padding: 0px; border: 0px; outline: 0px; font-size: 9pt; font-family: 新細明體; color: rgb(102, 102, 102);">、</span><span  0px; padding: 0px; border: 0px; outline: 0px; font-size: 9pt; font-family: ''Times New Roman''; color: rgb(102, 102, 102);" lang="EN-US">NFC beam</span><span  0px; padding: 0px; border: 0px; outline: 0px; font-size: 9pt; font-family: 新細明體; color: rgb(102, 102, 102);">等，以及開發手機和平板電腦通用程式的完整解決方法</span><span  0px; padding: 0px; border: 0px; outline: 0px; font-size: 9pt; font-family: ''Times New Roman''; color: rgb(102, 102, 102);" lang="EN-US"><br>*</span><span  0px; padding: 0px; border: 0px; outline: 0px; font-size: 9pt; font-family: 新細明體; color: rgb(102, 102, 102);">新增影音播放、拍照、錄音錄影、</span><span  0px; padding: 0px; border: 0px; outline: 0px; font-size: 9pt; font-family: ''Times New Roman''; color: rgb(102, 102, 102);" lang="EN-US">WebView</span><span  0px; padding: 0px; border: 0px; outline: 0px; font-size: 9pt; font-family: 新細明體; color: rgb(102, 102, 102);">、近場通訊（</span><span  0px; padding: 0px; border: 0px; outline: 0px; font-size: 9pt; font-family: ''Times New Roman''; color: rgb(102, 102, 102);" lang="EN-US">NFC</span><span  0px; padding: 0px; border: 0px; outline: 0px; font-size: 9pt; font-family: 新細明體; color: rgb(102, 102, 102);">）等技術的完整介紹，讓您學會開發各種功能的應用程式</span><span  0px; padding: 0px; border: 0px; outline: 0px; font-size: 9pt; font-family: ''Times New Roman''; color: rgb(102, 102, 102);" lang="EN-US"><br>*24</span><span  0px; padding: 0px; border: 0px; outline: 0px; font-size: 9pt; font-family: 新細明體; color: rgb(102, 102, 102);">種介面元件使用教學、</span><span  0px; padding: 0px; border: 0px; outline: 0px; font-size: 9pt; font-family: ''Times New Roman''; color: rgb(102, 102, 102);" lang="EN-US">4</span><span  0px; padding: 0px; border: 0px; outline: 0px; font-size: 9pt; font-family: 新細明體; color: rgb(102, 102, 102);">種介面元件版面型態、</span><span  0px; padding: 0px; border: 0px; outline: 0px; font-size: 9pt; font-family: ''Times New Roman''; color: rgb(102, 102, 102);" lang="EN-US">5</span><span  0px; padding: 0px; border: 0px; outline: 0px; font-size: 9pt; font-family: 新細明體; color: rgb(102, 102, 102);">種對話盒使用教學，幫助您設計出漂亮又好用的</span><span  0px; padding: 0px; border: 0px; outline: 0px; font-size: 9pt; font-family: ''Times New Roman''; color: rgb(102, 102, 102);" lang="EN-US">App<br>*11</span><span  0px; padding: 0px; border: 0px; outline: 0px; font-size: 9pt; font-family: 新細明體; color: rgb(102, 102, 102);">個</span><span  0px; padding: 0px; border: 0px; outline: 0px; font-size: 9pt; font-family: ''Times New Roman''; color: rgb(102, 102, 102);" lang="EN-US">Intent</span><span  0px; padding: 0px; border: 0px; outline: 0px; font-size: 9pt; font-family: 新細明體; color: rgb(102, 102, 102);">專論單元，包括建立</span><span  0px; padding: 0px; border: 0px; outline: 0px; font-size: 9pt; font-family: ''Times New Roman''; color: rgb(102, 102, 102);" lang="EN-US">Tab</span><span  0px; padding: 0px; border: 0px; outline: 0px; font-size: 9pt; font-family: 新細明體; color: rgb(102, 102, 102);">標籤頁、傳送和回傳資料、</span><span  0px; padding: 0px; border: 0px; outline: 0px; font-size: 9pt; font-family: ''Times New Roman''; color: rgb(102, 102, 102);" lang="EN-US">Intent Filter…</span><span  0px; padding: 0px; border: 0px; outline: 0px; font-size: 9pt; font-family: 新細明體; color: rgb(102, 102, 102);">，讓您完整學會</span><span  0px; padding: 0px; border: 0px; outline: 0px; font-size: 9pt; font-family: ''Times New Roman''; color: rgb(102, 102, 102);" lang="EN-US">Intent</span><span  0px; padding: 0px; border: 0px; outline: 0px; font-size: 9pt; font-family: 新細明體; color: rgb(102, 102, 102);">的用法</span><span  0px; padding: 0px; border: 0px; outline: 0px; font-size: 9pt; font-family: ''Times New Roman''; color: rgb(102, 102, 102);" lang="EN-US"><span class="Apple-converted-space"> </span><br>*4</span><span  0px; padding: 0px; border: 0px; outline: 0px; font-size: 9pt; font-family: 新細明體; color: rgb(102, 102, 102);">大類</span><span  0px; padding: 0px; border: 0px; outline: 0px; font-size: 9pt; font-family: ''Times New Roman''; color: rgb(102, 102, 102);" lang="EN-US">Android</span><span  0px; padding: 0px; border: 0px; outline: 0px; font-size: 9pt; font-family: 新細明體; color: rgb(102, 102, 102);">程式完全詳解，包括</span><span  0px; padding: 0px; border: 0px; outline: 0px; font-size: 9pt; font-family: ''Times New Roman''; color: rgb(102, 102, 102);" lang="EN-US">Activity</span><span  0px; padding: 0px; border: 0px; outline: 0px; font-size: 9pt; font-family: 新細明體; color: rgb(102, 102, 102);">、</span><span  0px; padding: 0px; border: 0px; outline: 0px; font-size: 9pt; font-family: ''Times New Roman''; color: rgb(102, 102, 102);" lang="EN-US">Service</span><span  0px; padding: 0px; border: 0px; outline: 0px; font-size: 9pt; font-family: 新細明體; color: rgb(102, 102, 102);">、</span><span  0px; padding: 0px; border: 0px; outline: 0px; font-size: 9pt; font-family: ''Times New Roman''; color: rgb(102, 102, 102);" lang="EN-US">Content provider</span><span  0px; padding: 0px; border: 0px; outline: 0px; font-size: 9pt; font-family: 新細明體; color: rgb(102, 102, 102);">和</span><span  0px; padding: 0px; border: 0px; outline: 0px; font-size: 9pt; font-family: ''Times New Roman''; color: rgb(102, 102, 102);" lang="EN-US">Broadcast receiver</span><span  0px; padding: 0px; border: 0px; outline: 0px; font-size: 9pt; font-family: 新細明體; color: rgb(102, 102, 102);">，以及</span><span  0px; padding: 0px; border: 0px; outline: 0px; font-size: 9pt; font-family: ''Times New Roman''; color: rgb(102, 102, 102);" lang="EN-US">App Widget</span><span  0px; padding: 0px; border: 0px; outline: 0px; font-size: 9pt; font-family: 新細明體; color: rgb(102, 102, 102);">程式</span><span  0px; padding: 0px; border: 0px; outline: 0px; font-size: 9pt; font-family: ''Times New Roman''; color: rgb(102, 102, 102);" lang="EN-US"><br>*2D</span><span  0px; padding: 0px; border: 0px; outline: 0px; font-size: 9pt; font-family: 新細明體; color: rgb(102, 102, 102);">和</span><span  0px; padding: 0px; border: 0px; outline: 0px; font-size: 9pt; font-family: ''Times New Roman''; color: rgb(102, 102, 102);" lang="EN-US">3D</span><span  0px; padding: 0px; border: 0px; outline: 0px; font-size: 9pt; font-family: 新細明體; color: rgb(102, 102, 102);">繪圖程式架構與範例，奠定開發遊戲程式的基礎</span><span  0px; padding: 0px; border: 0px; outline: 0px; font-size: 9pt; font-family: ''Times New Roman''; color: rgb(102, 102, 102);" lang="EN-US"><br>*Google</span><span  0px; padding: 0px; border: 0px; outline: 0px; font-size: 9pt; font-family: 新細明體; color: rgb(102, 102, 102);">地圖與自動定位程式，讓您學會開發</span><span  0px; padding: 0px; border: 0px; outline: 0px; font-size: 9pt; font-family: ''Times New Roman''; color: rgb(102, 102, 102);" lang="EN-US">location-based service (LBS)<br></span></p><p  10px; padding: 0px; border: 0px; outline: 0px; font-size: 12px; line-height: 1.3; color: rgb(67, 70, 77); font-family: Helvetica, Arial, ''LiHei Pro'', 新細明體, sans-serif; font-style: normal; font-variant: normal; font-weight: normal; letter-spacing: normal; orphans: 2; text-align: start; text-indent: 0px; text-transform: none; white-space: normal; widows: 2; word-spacing: 0px; -webkit-text-size-adjust: auto; -webkit-text-stroke-width: 0px;"><span  0px; padding: 0px; border: 0px; outline: 0px; font-size: 9pt; font-family: ''Times New Roman''; color: rgb(102, 102, 102);" lang="EN-US">*</span><span  0px; padding: 0px; border: 0px; outline: 0px; font-size: 9pt; font-family: 新細明體; color: rgb(102, 102, 102);">所有教學單元皆採用步驟式講解讓您學習無障礙</span></p>', 520, 500, 416, '2012-12-24', '2013-01-30', 300, 100, 99, '2013-03-25 23:08:23', 1, 0),
(13, '別再說你不懂 HTML5：圖解網頁設計必學的 9 堂課', 2, 0, '<p class="MsoNormal" 0cm="" 0pt;"=""><span small;"=""><span small;"=""><span "微軟正黑體","sans-serif";="" color:="" fuchsia;"="" lang="EN-US">&lt;</span><span "微軟正黑體","sans-serif";="" color:="" fuchsia;"="">內容簡介<span lang="EN-US">&gt;<span style="color: rgb(255, 0, 0);"></span></span></span></span></span></p>\r\n<p class="MsoNormal" 0cm="" 0pt;"=""><span small;"=""><span "微軟正黑體","sans-serif";="" mso-bidi-font-family:="" arial;="" mso-bidi-font-weight:="" bold;"="">【日本暢銷網頁設計入門書，系列書籍在日本銷售破<span lang="EN-US">60</span>萬本！】</span><span "微軟正黑體","sans-serif";="" mso-bidi-font-family:="" arial;"="" lang="EN-US"><br></span><span "微軟正黑體","sans-serif";="" mso-bidi-font-family:="" arial;="" mso-bidi-font-weight:="" bold;"="">看得懂、學得會的網頁設計力養成</span><span "微軟正黑體","sans-serif";="" mso-bidi-font-family:="" arial;"="" lang="EN-US"><br><span bold;"="">9</span></span><span "微軟正黑體","sans-serif";="" mso-bidi-font-family:="" arial;="" mso-bidi-font-weight:="" bold;"="">堂課讓您輕鬆掌握<span lang="EN-US">HTML5</span></span><span "微軟正黑體","sans-serif";="" mso-bidi-font-family:="" arial;"="" lang="EN-US"><br><br>HTML5</span><span "微軟正黑體","sans-serif";="" mso-bidi-font-family:="" arial;"="">眾所矚目，是<span lang="EN-US">W3C</span>正在制定的<span lang="EN-US">HTML</span>新標準，泛指包含<span lang="EN-US">CSS3</span>和<span lang="EN-US">JavaScript</span>在內的綜合技術體系。本書將<span lang="EN-US">HTML5</span>的技術體系加以濃縮，從綜觀的角度幫助您徹底理解。書籍內容分為<span lang="EN-US">9</span>章，共<span lang="EN-US">73</span>個主題，各主題以左右二頁的篇幅作介紹，可方便您尋找想要閱讀的主題，然後在短時間內具備網頁設計知識。並且，主題內容中會以豐富的圖解與範例程式碼穿插解說，將讓您有個輕鬆理解且印象深刻的學習之旅。<span lang="EN-US"><br><br></span><span bold;"="">本書特色</span><span lang="EN-US"><br></span></span><span "微軟正黑體","sans-serif";="" mso-bidi-font-family:="" 細明體;"="">★</span><span "微軟正黑體","sans-serif";="" mso-bidi-font-family:="" arial;"="">新穎實用：收錄最新的網頁製作標準<span lang="EN-US">—HTML5<br></span></span><span "微軟正黑體","sans-serif";="" mso-bidi-font-family:="" 細明體;"="">★</span><span "微軟正黑體","sans-serif";="" mso-bidi-font-family:="" arial;"="">詳細解說：從初學者到具網路概念的學習者都適用的內容<span lang="EN-US"><br></span></span><span "微軟正黑體","sans-serif";="" mso-bidi-font-family:="" 細明體;"="">★</span><span "微軟正黑體","sans-serif";="" mso-bidi-font-family:="" arial;"="">分門別類：採取在左右二頁之內將一個主題解說清楚的寫作架構<span lang="EN-US"><br></span></span><span "微軟正黑體","sans-serif";="" mso-bidi-font-family:="" 細明體;"="">★</span><span "微軟正黑體","sans-serif";="" mso-bidi-font-family:="" arial;"="">輕鬆學習：圖解搭配文字的學習方式，讓您學習無負擔<span lang="EN-US"></span></span></span></p>\r\n<p class="MsoNormal" 0cm="" 0pt;"=""><span small;"=""><span small;"=""><span "微軟正黑體","sans-serif";="" color:="" fuchsia;"="" lang="EN-US">&lt;</span><span "微軟正黑體","sans-serif";="" color:="" fuchsia;"="">章節目錄<span lang="EN-US">&gt;</span></span></span></span></p>\r\n<span "微軟正黑體","sans-serif";="" color:="" black;="" font-size:="" small;="" mso-bidi-font-family:="" arial;="" mso-font-kerning:="" 0pt;"="">開始學習<span lang="EN-US">HTML5</span>之前<span lang="EN-US"><br>Chapter01 HTML<br>Chapter02 CSS</span>與<span lang="EN-US">JavaScript</span>的基礎知識<span lang="EN-US"><br>Chapter03 HTML5</span>與<span lang="EN-US">CSS3</span>的概要<span lang="EN-US"><br>Chapter04 HTML5</span>的全貌<span lang="EN-US"><br>Chapter05 canvas<br>Chapter06 </span>資料存儲與檔案<span lang="EN-US"><br>Chapter07 </span>背景執行與離線作業<span lang="EN-US"><br>Chapter08 </span>通訊的相關技術<span lang="EN-US"><br></span>附錄<span lang="EN-US"> Web</span>伺服器、其他的圖形功能、<span lang="EN-US">HTML5</span>參考資訊、字符集 </span>', 360, 300, 281, '2013-02-26', '2013-04-22', 200, 100, 100, '2013-03-15 00:00:22', 1, 0),
(25, 'Visual C# 2012 資料庫程式設計暨進銷存系統實作', 2, 6, '', 650, 494, 0, '0000-00-00', '0000-00-00', 300, 100, 100, '2013-03-14 23:58:17', 1, 0),
(28, 'ASP.NET MVC4 網站開發美學', 2, 6, '<p><span style="color: #ff00ff; font-size: medium;"><strong><內容簡介></strong></span></p>\r\n<p><span style="color: #000000; font-family: 新細明體; font-size: 12px; line-height: 20px;">台灣微軟開發工具暨平台推廣處資深產品行銷經理 吳典璋</span><br style="padding: 0px; margin: 0px; color: #666666; font-family: 新細明體; font-size: 12px; line-height: 20px;"><span style="color: #000000; font-family: 新細明體; font-size: 12px; line-height: 20px;">為文推薦</span><br style="padding: 0px; margin: 0px; color: #666666; font-family: 新細明體; font-size: 12px; line-height: 20px;"><br style="padding: 0px; margin: 0px; color: #666666; font-family: 新細明體; font-size: 12px; line-height: 20px;"><span style="color: #000000; font-family: 新細明體; font-size: 12px; line-height: 20px;">學ASP.NET MVC一定要看的經典之作</span><br style="padding: 0px; margin: 0px; color: #666666; font-family: 新細明體; font-size: 12px; line-height: 20px;"><span style="color: #000000; font-family: 新細明體; font-size: 12px; line-height: 20px;">史上第一次，6+1位Microsoft MVP高手絕招盡出的完美組合</span><br style="padding: 0px; margin: 0px; color: #666666; font-family: 新細明體; font-size: 12px; line-height: 20px;"><br style="padding: 0px; margin: 0px; color: #666666; font-family: 新細明體; font-size: 12px; line-height: 20px;"><span style="color: #000000; font-family: 新細明體; font-size: 12px; line-height: 20px;">ASP.NET\r\n MVC是微軟Web開發平台中最重要的一塊拼圖，也是微軟在Web \r\nForm開發模式外的另一個選擇，不但具備了MVC開發模式的基礎，其架構特性更適合用來開發大型的Web應用程式，且ASP.NET \r\nMVC開發方式在台灣日漸被重視，因此學習MVC己是刻不容緩。本書作者群在ASP.NET \r\nMVC開發上均有豐富的實務經驗，讓讀者能夠快速進入ASP.NET MVC的世界。</span><br style="padding: 0px; margin: 0px; color: #666666; font-family: 新細明體; font-size: 12px; line-height: 20px;"><br style="padding: 0px; margin: 0px; color: #666666; font-family: 新細明體; font-size: 12px; line-height: 20px;"><span style="color: #000000; font-family: 新細明體; font-size: 12px; line-height: 20px;">全\r\n書以ASP.NET MVC 4.0為主，應用範圍可涵蓋MVC 2.0-4.0，並輔以豐富的範例程式碼與概念解析，讓讀者能快速的進入ASP.NET\r\n \r\nMVC的開發領域內，而本書同時涵蓋了一般Web應用程式、行動裝置的Web開發以及進階的MVC應用等，對於需要學習MVC應用程式開發的初學者或是己\r\n經具備Web Form開發的程式設計師來說，本書是必定要閱讀的經典之作。</span><br style="padding: 0px; margin: 0px; color: #666666; font-family: 新細明體; font-size: 12px; line-height: 20px;"><br style="padding: 0px; margin: 0px; color: #666666; font-family: 新細明體; font-size: 12px; line-height: 20px;"><span style="color: #000000; font-family: 新細明體; font-size: 12px; line-height: 20px;">本書重點內容：</span><br style="padding: 0px; margin: 0px; color: #666666; font-family: 新細明體; font-size: 12px; line-height: 20px;"><span style="color: #000000; font-family: 新細明體; font-size: 12px; line-height: 20px;">‧快速掌控Model角色，讓開發者有如資料中心管理者</span><br style="padding: 0px; margin: 0px; color: #666666; font-family: 新細明體; font-size: 12px; line-height: 20px;"><span style="color: #000000; font-family: 新細明體; font-size: 12px; line-height: 20px;">‧輕鬆瞭解Controller角色，網頁應用程式流程一手掌握</span><br style="padding: 0px; margin: 0px; color: #666666; font-family: 新細明體; font-size: 12px; line-height: 20px;"><span style="color: #000000; font-family: 新細明體; font-size: 12px; line-height: 20px;">‧使用Routing技術，讓網站在搜尋引擎中擁有高排名</span><br style="padding: 0px; margin: 0px; color: #666666; font-family: 新細明體; font-size: 12px; line-height: 20px;"><span style="color: #000000; font-family: 新細明體; font-size: 12px; line-height: 20px;">‧豐富札實的View技術討論，讓網頁的最後一哩成為決勝點</span><br style="padding: 0px; margin: 0px; color: #666666; font-family: 新細明體; font-size: 12px; line-height: 20px;"><span style="color: #000000; font-family: 新細明體; font-size: 12px; line-height: 20px;">‧如何應用ASP.NET MVC 4快速開發Mobile行動平台</span><br style="padding: 0px; margin: 0px; color: #666666; font-family: 新細明體; font-size: 12px; line-height: 20px;"><span style="color: #000000; font-family: 新細明體; font-size: 12px; line-height: 20px;">‧完整介紹最新推出的ASP.NET Web API服務</span><br style="padding: 0px; margin: 0px; color: #666666; font-family: 新細明體; font-size: 12px; line-height: 20px;"><span style="color: #000000; font-family: 新細明體; font-size: 12px; line-height: 20px;">‧個人資料保護法施行後，網站開發應注意事項</span><br style="padding: 0px; margin: 0px; color: #666666; font-family: 新細明體; font-size: 12px; line-height: 20px;"><span style="color: #000000; font-family: 新細明體; font-size: 12px; line-height: 20px;">‧大量討論防駭、防護、安全、加解密等安全性主題</span><br style="padding: 0px; margin: 0px; color: #666666; font-family: 新細明體; font-size: 12px; line-height: 20px;"><span style="color: #000000; font-family: 新細明體; font-size: 12px; line-height: 20px;">‧導入OAuth機制，超快速整合社交網站帳號登入</span></p>\r\n<p> </p>\r\n<p><span style="color: #ff00ff;"><strong><span style="font-size: medium;"><目錄></span></strong></span></p>\r\n<p><span style="color: #000000; font-family: 新細明體; font-size: 12px; line-height: 20px;">導讀</span><br style="padding: 0px; margin: 0px; color: #666666; font-family: 新細明體; font-size: 12px; line-height: 20px;"><span style="color: #000000; font-family: 新細明體; font-size: 12px; line-height: 20px;">前言</span><br style="padding: 0px; margin: 0px; color: #666666; font-family: 新細明體; font-size: 12px; line-height: 20px;"><span style="color: #000000; font-family: 新細明體; font-size: 12px; line-height: 20px;">CHAPTER 1 ASP.NET MVC 概觀</span><br style="padding: 0px; margin: 0px; color: #666666; font-family: 新細明體; font-size: 12px; line-height: 20px;"><span style="color: #000000; font-family: 新細明體; font-size: 12px; line-height: 20px;">CHAPTER 2 Model – 資料元件與來源的設計方法</span><br style="padding: 0px; margin: 0px; color: #666666; font-family: 新細明體; font-size: 12px; line-height: 20px;"><span style="color: #000000; font-family: 新細明體; font-size: 12px; line-height: 20px;">CHAPTER 3 Controller – 應用程式流程的導演</span><br style="padding: 0px; margin: 0px; color: #666666; font-family: 新細明體; font-size: 12px; line-height: 20px;"><span style="color: #000000; font-family: 新細明體; font-size: 12px; line-height: 20px;">CHAPTER 4 ASP.NET Routing – 串起Controller 與View 的魔法師</span><br style="padding: 0px; margin: 0px; color: #666666; font-family: 新細明體; font-size: 12px; line-height: 20px;"><span style="color: #000000; font-family: 新細明體; font-size: 12px; line-height: 20px;">CHAPTER 5 View – 資料的裝飾家</span><br style="padding: 0px; margin: 0px; color: #666666; font-family: 新細明體; font-size: 12px; line-height: 20px;"><span style="color: #000000; font-family: 新細明體; font-size: 12px; line-height: 20px;">CHAPTER 6 行動平台友善設計</span><br style="padding: 0px; margin: 0px; color: #666666; font-family: 新細明體; font-size: 12px; line-height: 20px;"><span style="color: #000000; font-family: 新細明體; font-size: 12px; line-height: 20px;">CHAPTER 7 Web API – HTTP 服務提供者</span><br style="padding: 0px; margin: 0px; color: #666666; font-family: 新細明體; font-size: 12px; line-height: 20px;"><span style="color: #000000; font-family: 新細明體; font-size: 12px; line-height: 20px;">CHAPTER 8 ASP.NET MVC 進階議題</span><br style="padding: 0px; margin: 0px; color: #666666; font-family: 新細明體; font-size: 12px; line-height: 20px;"><span style="color: #000000; font-family: 新細明體; font-size: 12px; line-height: 20px;">CHAPTER 9 部署MVC 應用程式</span><br style="padding: 0px; margin: 0px; color: #666666; font-family: 新細明體; font-size: 12px; line-height: 20px;"><span style="color: #000000; font-family: 新細明體; font-size: 12px; line-height: 20px;">CHAPTER 10 ASP.NET MVC 測試</span><br style="padding: 0px; margin: 0px; color: #666666; font-family: 新細明體; font-size: 12px; line-height: 20px;"><span style="color: #000000; font-family: 新細明體; font-size: 12px; line-height: 20px;">CHAPTER 11 各版本的MVC 升級議題</span><br style="padding: 0px; margin: 0px; color: #666666; font-family: 新細明體; font-size: 12px; line-height: 20px;"><span style="color: #000000; font-family: 新細明體; font-size: 12px; line-height: 20px;">APPENDIX A 個人資料保護法參考資料</span></p>', 680, 544, 0, '0000-00-00', '0000-00-00', 0, 100, 99, '2013-03-25 23:08:17', 1, 0),
(29, 'Debug Hacks 除錯駭客－極致除錯的技巧與工具', 1, 7, '', 580, 458, 0, '0000-00-00', '0000-00-00', 0, 100, 100, '2013-03-17 20:03:17', 1, 0);

-- --------------------------------------------------------

--
-- 表的結構 `product_category`
--

CREATE TABLE IF NOT EXISTS `product_category` (
  `category_id` smallint(6) NOT NULL auto_increment,
  `category_sequence` int(11) NOT NULL,
  `category_name` varchar(10) collate utf8_unicode_ci NOT NULL,
  `parent` smallint(6) NOT NULL,
  `type` varchar(10) collate utf8_unicode_ci NOT NULL,
  PRIMARY KEY  (`category_id`)
) ENGINE=MyISAM  DEFAULT CHARSET=utf8 COLLATE=utf8_unicode_ci AUTO_INCREMENT=8 ;

--
-- 轉存資料表中的資料 `product_category`
--

INSERT INTO `product_category` (`category_id`, `category_sequence`, `category_name`, `parent`, `type`) VALUES
(1, 0, '中文書', 0, '1'),
(2, 0, '英文書', 0, '1'),
(6, 0, 'bbb', 2, '2'),
(5, 0, 'aaa', 1, '2'),
(7, 0, 'ccc', 1, '2');

-- --------------------------------------------------------

--
-- 表的結構 `product_imgs`
--

CREATE TABLE IF NOT EXISTS `product_imgs` (
  `id` int(11) NOT NULL auto_increment,
  `product_id` int(11) NOT NULL,
  `img_name` text collate utf8_unicode_ci NOT NULL,
  `is_main` smallint(1) NOT NULL,
  `upload_time` datetime NOT NULL,
  PRIMARY KEY  (`id`)
) ENGINE=MyISAM  DEFAULT CHARSET=utf8 COLLATE=utf8_unicode_ci AUTO_INCREMENT=36 ;

--
-- 轉存資料表中的資料 `product_imgs`
--

INSERT INTO `product_imgs` (`id`, `product_id`, `img_name`, `is_main`, `upload_time`) VALUES
(1, 1, 'b001e8d4bbd5cd3295e78c71fd232b60.jpg', 1, '2012-10-13 23:15:20'),
(2, 2, 'e61664f3241107262c5a37b7d08c73fb.jpg', 1, '2012-10-13 23:17:32'),
(3, 3, '89154712d59d9e95d016e14ebb518b11.jpg', 1, '2012-11-05 20:25:01'),
(4, 4, '946918afbd650e17ecd22202134314c2.jpg', 1, '2012-11-05 20:28:02'),
(5, 5, 'b7a10fe0d80fc1d7ed1768d66d37ce28.JPG', 1, '2012-11-05 20:31:58'),
(6, 5, 'c8679fa307e07926bca615cc26de5d11.JPG', 0, '2012-11-05 20:32:38'),
(7, 6, 'd8ddd79d8f9007116057c6e75cc8ec85.jpg', 1, '2012-11-05 20:44:25'),
(8, 7, '845720839c8d3b0cc40d90731dee066f.jpg', 1, '2012-11-05 21:23:31'),
(9, 8, '44b6e8faf9b65cb23c1466bfe57cb2c3.jpg', 1, '2012-11-12 19:41:48'),
(10, 9, '2212b81bfa3584e89f118343d6ff7b27.jpg', 1, '2012-11-12 21:04:33'),
(11, 10, '67bd356cc663a8d13609c6f2be4dd324.jpg', 1, '2012-11-13 23:30:12'),
(12, 10, 'e493a65e5d341099dea384d0bb7ef6d0.jpg', 0, '2012-11-14 00:15:10'),
(28, 13, '36be50fb160195fd00cbb9f1ef303397.jpg', 1, '2013-02-26 18:06:23'),
(27, 11, '54a4a66f679bf797bbe8ee0d328ae954.jpg', 1, '2013-02-26 18:02:59'),
(29, 24, 'noProduct.png', 1, '2013-03-06 23:51:14'),
(30, 25, 'e478dc15c957721476bc577c6fb5aec3.jpg', 1, '2013-03-06 23:57:21'),
(33, 28, '2f345ce72d23ed6c59c1269e77d681e4.jpg', 1, '2013-03-07 00:46:43'),
(34, 29, '2dd3dcd2ceb6c17983f877fca7de1285.jpg', 1, '2013-03-07 00:46:43');

-- --------------------------------------------------------

--
-- 表的結構 `product_specs`
--

CREATE TABLE IF NOT EXISTS `product_specs` (
  `spec_id` int(11) NOT NULL auto_increment,
  `product_id` int(11) NOT NULL,
  `spec_value` varchar(25) collate utf8_unicode_ci NOT NULL,
  PRIMARY KEY  (`spec_id`)
) ENGINE=MyISAM  DEFAULT CHARSET=utf8 COLLATE=utf8_unicode_ci AUTO_INCREMENT=28 ;

--
-- 轉存資料表中的資料 `product_specs`
--

INSERT INTO `product_specs` (`spec_id`, `product_id`, `spec_value`) VALUES
(5, 9, 'bbb'),
(4, 9, 'aaa'),
(6, 9, 'ccc'),
(27, 7, 'test');

-- --------------------------------------------------------

--
-- 表的結構 `report`
--

CREATE TABLE IF NOT EXISTS `report` (
  `name` text collate utf8_unicode_ci NOT NULL,
  `email` text collate utf8_unicode_ci NOT NULL,
  `subject` text collate utf8_unicode_ci NOT NULL,
  `sug` text collate utf8_unicode_ci NOT NULL,
  `date` text collate utf8_unicode_ci NOT NULL
) ENGINE=MyISAM DEFAULT CHARSET=utf8 COLLATE=utf8_unicode_ci;

--
-- 轉存資料表中的資料 `report`
--

INSERT INTO `report` (`name`, `email`, `subject`, `sug`, `date`) VALUES
('I''m Len', 'aaa@gmail.com', 'ad', '??', '1358942559'),
('I''m Len', 'aaa@gmail.com', 'ad', '???', '1358942585'),
('I''m Len', 'aaa@gmail.com', 'xxxx', '??', '1358942964'),
('I''m Len', 'aaa@gmail.com', '??', '??????', '1359289200'),
('I''m Len', 'aaa@gmail.com', '中文', '中文中文', '1359289480'),
('I''m Len', 'aaa@gmail.com', 'TET', '測試', '1359780535'),
('testuser', 'test@gmail.com', 'wtf', '[removed]alert&#40;''xss''&#41;;[removed]', '1364047670');

-- --------------------------------------------------------

--
-- 表的結構 `site_page`
--

CREATE TABLE IF NOT EXISTS `site_page` (
  `id` int(11) NOT NULL auto_increment,
  `active` int(1) NOT NULL,
  `url_active` int(1) NOT NULL,
  `under_site` int(1) NOT NULL,
  `url` text collate utf8_unicode_ci NOT NULL,
  `page_sequence` int(11) NOT NULL,
  `title` varchar(15) collate utf8_unicode_ci NOT NULL,
  `content` text collate utf8_unicode_ci NOT NULL,
  `time` datetime NOT NULL,
  PRIMARY KEY  (`id`)
) ENGINE=MyISAM  DEFAULT CHARSET=utf8 COLLATE=utf8_unicode_ci AUTO_INCREMENT=5 ;

--
-- 轉存資料表中的資料 `site_page`
--

INSERT INTO `site_page` (`id`, `active`, `url_active`, `under_site`, `url`, `page_sequence`, `title`, `content`, `time`) VALUES
(1, 1, 1, 0, 'http://www.google.com.tw', 1, '聯絡我們', '', '2013-02-26 20:30:35'),
(2, 1, 0, 0, '', 2, '退換貨說明', '<span style="color: rgb(255, 0, 0);">123</span>', '2013-03-14 23:56:55'),
(3, 1, 0, 0, '', 3, '免責聲明', '測試1', '2013-01-30 22:22:54'),
(4, 1, 1, 1, 'report', 4, '意見回饋', '', '2013-02-02 21:33:25');

-- --------------------------------------------------------

--
-- 表的結構 `site_setting`
--

CREATE TABLE IF NOT EXISTS `site_setting` (
  `key` varchar(20) collate utf8_unicode_ci NOT NULL,
  `value` text collate utf8_unicode_ci NOT NULL
) ENGINE=MyISAM DEFAULT CHARSET=utf8 COLLATE=utf8_unicode_ci;

--
-- 轉存資料表中的資料 `site_setting`
--

INSERT INTO `site_setting` (`key`, `value`) VALUES
('site_name', 'R.D.購物車'),
('site_slogan', 'Cost you dearly !!'),
('site_email', 'admin@lvax.com'),
('site_phone', '0204000000'),
('protocol', 'smtp'),
('smtp_type', 'html'),
('smtp_host', 'ssl://smtp.gmail.com'),
('smtp_port', '465'),
('smtp_user', 'test@gmail.com'),
('smtp_pass', 'smtp_pass'),
('validate', 'true'),
('mailpath', '123'),
('validmail', '您好，\r\n\r\n感謝您使用R.D. Shopping Cart,\r\n\r\n請至 #link#\r\n\r\n驗證您的帳戶.\r\n\r\n再次感謝您的使用\r\n\r\nR.D. Team.'),
('site_start_date', '2013-03-20');

-- --------------------------------------------------------

--
-- 表的結構 `userdata`
--

CREATE TABLE IF NOT EXISTS `userdata` (
  `id` int(10) unsigned NOT NULL auto_increment,
  `fbid` text collate utf8_unicode_ci NOT NULL,
  `name` varchar(10) collate utf8_unicode_ci NOT NULL,
  `sex` int(11) NOT NULL,
  `password` text collate utf8_unicode_ci NOT NULL,
  `email` text collate utf8_unicode_ci NOT NULL,
  `address` text collate utf8_unicode_ci NOT NULL,
  `phone` varchar(10) collate utf8_unicode_ci NOT NULL,
  `login_ip` text collate utf8_unicode_ci NOT NULL,
  `last_login` int(11) NOT NULL,
  `valid` int(1) NOT NULL default '0' COMMENT '會員是否驗證',
  `session_key` varchar(32) collate utf8_unicode_ci NOT NULL COMMENT '發忘記密碼的hash',
  `session_expire` datetime NOT NULL COMMENT '發忘記密碼的有效期限',
  `last_valid` datetime NOT NULL COMMENT '上次驗證email時間',
  PRIMARY KEY  (`id`)
) ENGINE=MyISAM  DEFAULT CHARSET=utf8 COLLATE=utf8_unicode_ci AUTO_INCREMENT=5 ;

--
-- 轉存資料表中的資料 `userdata`
--

INSERT INTO `userdata` (`id`, `fbid`, `name`, `sex`, `password`, `email`, `address`, `phone`, `login_ip`, `last_login`, `valid`, `session_key`, `session_expire`, `last_valid`) VALUES
(1, '', 'aaa', 1, 'ba59abbe56e057f20f883ee10adc', '123@sharklasers.com', '12345', '1233', '175.182.163.215', 1364043675, 1, '0', '0000-00-00 00:00:00', '2013-03-23 21:01:27'),
(2, '', 'Len', 0, 'ba59abbe56e057f20f883ee10adc', '123456@gmail.com', 'TW', '123456789', '114.47.80.248', 1363957728, 1, '', '0000-00-00 00:00:00', '2013-03-22 21:08:00'),
(3, '', '123', 0, 'ba59abbe56e057f20f883ee10adc', 'test@gmail.com', '123', '123', '175.182.179.228', 1364221459, 1, '', '0000-00-00 00:00:00', '0000-00-00 00:00:00'),
(4, '', 'test', 0, '58ce06fbc5bb76a58c5ca4d8578e', '123@gmail.com', '1234', '0900000000', '220.136.251.188', 1364047560, 1, '', '0000-00-00 00:00:00', '0000-00-00 00:00:00');

-- --------------------------------------------------------

--
-- 表的結構 `user_follow`
--

CREATE TABLE IF NOT EXISTS `user_follow` (
  `id` int(255) NOT NULL auto_increment,
  `user_id` int(10) NOT NULL,
  `product_id` int(10) NOT NULL,
  `follow_time` datetime NOT NULL,
  PRIMARY KEY  (`id`),
  KEY `user_id` (`user_id`)
) ENGINE=MyISAM  DEFAULT CHARSET=utf8 COLLATE=utf8_unicode_ci AUTO_INCREMENT=36 ;

--
-- 轉存資料表中的資料 `user_follow`
--

INSERT INTO `user_follow` (`id`, `user_id`, `product_id`, `follow_time`) VALUES
(2, 2, 28, '2013-03-14 02:24:34'),
(14, 4, 0, '2013-03-23 22:08:43'),
(5, 1, 0, '2013-03-20 20:40:37'),
(35, 3, 2, '2013-03-23 22:37:10');

/*!40101 SET CHARACTER_SET_CLIENT=@OLD_CHARACTER_SET_CLIENT */;
/*!40101 SET CHARACTER_SET_RESULTS=@OLD_CHARACTER_SET_RESULTS */;
/*!40101 SET COLLATION_CONNECTION=@OLD_COLLATION_CONNECTION */;
